Workbook

Sheet Tổng quan
A1: BẢNG ĐIỀU KHIỂN DỰ ÁN GMRAG2
A2: GraphRAG multi-tenant self-host: Keycloak OIDC, RLS thật, ResourceBAC, Qdrant collection-per-tenant, Redis worker, Ollama embedding.
A4: Chỉ số | B4: Giá trị | F4: Luồng | G4: Tổng task | H4: Hoàn thành
A5: Tổng số task | B5: =COUNTA('Kế hoạch Task'!$A$6:$A$90) -> 85 | F5: ='Timeline 2 tuần'!A5 -> 1 | G5: ='Timeline 2 tuần'!D5 -> 8 | H5: ='Timeline 2 tuần'!E5 -> 8
A6: Hoàn thành | B6: =COUNTIF('Kế hoạch Task'!$K$6:$K$90,"Hoàn thành") -> 72 | F6: ='Timeline 2 tuần'!A6 -> 2 | G6: ='Timeline 2 tuần'!D6 -> 10 | H6: ='Timeline 2 tuần'!E6 -> 10
A7: Đang làm | B7: =COUNTIF('Kế hoạch Task'!$K$6:$K$90,"Đang làm") -> 0 | F7: ='Timeline 2 tuần'!A7 -> 3 | G7: ='Timeline 2 tuần'!D7 -> 8 | H7: ='Timeline 2 tuần'!E7 -> 8
A8: Rủi ro | B8: =COUNTIF('Kế hoạch Task'!$K$6:$K$90,"Rủi ro") -> 0 | F8: ='Timeline 2 tuần'!A8 -> 4 | G8: ='Timeline 2 tuần'!D8 -> 7 | H8: ='Timeline 2 tuần'!E8 -> 7
A9: Chưa bắt đầu | B9: =COUNTIF('Kế hoạch Task'!$K$6:$K$90,"Chưa bắt đầu") -> 13 | F9: ='Timeline 2 tuần'!A9 -> 5 | G9: ='Timeline 2 tuần'!D9 -> 10 | H9: ='Timeline 2 tuần'!E9 -> 10
A10: Tiến độ chung | B10: =IF(B5=0,0,B6/B5) -> 0.84705882 | F10: ='Timeline 2 tuần'!A10 -> 6 | G10: ='Timeline 2 tuần'!D10 -> 8 | H10: ='Timeline 2 tuần'!E10 -> 8
A11: Khung kế hoạch | B11: 2 tuần: 17/06-30/06 | F11: ='Timeline 2 tuần'!A11 -> 7 | G11: ='Timeline 2 tuần'!D11 -> 12 | H11: ='Timeline 2 tuần'!E11 -> 12
F12: ='Timeline 2 tuần'!A12 -> 8 | G12: ='Timeline 2 tuần'!D12 -> 7 | H12: ='Timeline 2 tuần'!E12 -> 7
A13: Phạm vi chính | F13: ='Timeline 2 tuần'!A13 -> 9 | G13: ='Timeline 2 tuần'!D13 -> 9 | H13: ='Timeline 2 tuần'!E13 -> 1
A14: Hạng mục | B14: Mục tiêu quản lý | C14: Theo dõi ở sheet | D14: Ghi chú | F14: ='Timeline 2 tuần'!A14 -> 10 | G14: ='Timeline 2 tuần'!D14 -> 6 | H14: ='Timeline 2 tuần'!E14 -> 1
A15: Hạ tầng | B15: 9 services docker-compose gồm Keycloak | C15: Kế hoạch Task | D15: Sprint 1
A16: Backend lõi | B16: Config, DB pool, error envelope | C16: Kế hoạch Task | D16: Sprint 1-2
A17: Auth/RLS | B17: TenantContext, SET LOCAL, policy | C17: Kế hoạch Task | D17: Sprint 2-3 | F17: Nguyên tắc điều hành
A18: Qdrant | B18: Collection-per-tenant, chunks + graph | C18: Kế hoạch Task | D18: Sprint 4 | F18: 1 | G18: Ưu tiên task P0 trước và khóa scope hằng ngày.
A19: Worker | B19: Redis ingestion pipeline | C19: Kế hoạch Task | D19: Sprint 5 | F19: 2 | G19: Bắt buộc self-host: dùng Keycloak cho AuthN/OIDC, không dùng auth SaaS.
A20: RAG/LLM | B20: BYOK, DeepSeek, retrieval, citation | C20: Kế hoạch Task | D20: Sprint 6 | F20: 3 | G20: Mọi task đi theo TDD: test đỏ trước, triển khai tối thiểu, test xanh, commit riêng.
A21: API | B21: Tenant-scoped routes + ResourceBAC | C21: Kế hoạch Task | D21: Sprint 7-8 | F21: 4 | G21: Mọi query nghiệp vụ phải đi qua TenantContext; không lấy tenant UUID từ URL để xử lý business logic.
A22: Frontend | B22: Khung Next.js và component mẫu | C22: Kế hoạch Task | D22: Sprint 9 | F22: 5 | G22: RLS là lớp bảo vệ bắt buộc ở DB; backend chỉ là lớp kiểm soát bổ sung.
A23: Vận hành | B23: E2E, pentest RLS, backup, smoke test | C23: Timeline 2 tuần | D23: Sprint 10 | F23: 6 | G23: Vector lưu ở Qdrant; PostgreSQL chỉ giữ metadata và quan hệ nghiệp vụ.

Sheet Kế hoạch Task
A1: KẾ HOẠCH TASK GMRAG2
A2: Tracker TDD cho 82 task trong khung 2 tuần từ 17/06/2026 đến 30/06/2026. Vẫn giữ sprint gốc để truy vết phạm vi plan.
A4: Quy ước TDD: viết test đỏ → chạy để FAIL → triển khai tối thiểu → chạy PASS → commit riêng cho từng task.
A5: Mã | B5: Sprint | C5: Nhóm | D5: Công việc | E5: Mục tiêu/đầu ra | F5: Khu vực chính | G5: Loại việc | H5: Ưu tiên | I5: Phụ thuộc | J5: Chủ sở hữu | K5: Trạng thái | L5: % hoàn thành | M5: Bắt đầu | N5: Hạn hoàn thành | O5: Test đỏ | P5: Triển khai | Q5: Test xanh | R5: Commit | S5: Kiểm thử/verify | T5: Ghi chú
A6: T1 | B6: 1 | C6: Hạ tầng | D6: Khởi tạo monorepo gmrag2/ + git init + README + .gitignore | E6: Hạ tầng: Khởi tạo monorepo gmrag2/ + git init + README + .gitignore | F6: gmrag2/ + infra/ + backend/ + frontend/ | G6: Hạ tầng | H6: P0 - Chặn đường găng | J6: Backend Dev | K6: Hoàn thành | L6: =IF(K6="Hoàn thành",1,IF(K6="Đang làm",0.5,IF(K6="Rủi ro",0.25,IF(K6="Tạm dừng",0.1,0)))) -> 1 | M6: 46190 | N6: 46191 | O6: Hoàn tất | P6: Hoàn tất | Q6: Hoàn tất | R6: Hoàn tất | S6: docker compose config && kiểm tra healthcheck
A7: T2 | B7: 1 | C7: Hạ tầng | D7: infra/docker-compose.yml với 9 services self-host (postgres16, qdrant, minio, redis, ollama, keycloak, backend, worker, frontend) + healthchecks | E7: Hạ tầng: infra/docker-compose.yml với 9 services self-host (postgres16, qdrant, minio, redis, ollama, keycloak, backend, worker, frontend) + healthchecks | F7: infra/docker-compose.yml | G7: Hạ tầng | H7: P0 - Chặn đường găng | I7: T1 | J7: Backend Dev | K7: Hoàn thành | L7: =IF(K7="Hoàn thành",1,IF(K7="Đang làm",0.5,IF(K7="Rủi ro",0.25,IF(K7="Tạm dừng",0.1,0)))) -> 1 | M7: 46190 | N7: 46191 | O7: Hoàn tất | P7: Hoàn tất | Q7: Hoàn tất | R7: Hoàn tất | S7: docker compose config && kiểm tra healthcheck
A8: T3 | B8: 1 | C8: Hạ tầng | D8: infra/postgres/init.sql + infra/minio/init.sh (tạo bucket gmrag-uploads) | E8: Hạ tầng: infra/postgres/init.sql + infra/minio/init.sh (tạo bucket gmrag-uploads) | F8: infra/postgres/init.sql | G8: Hạ tầng | H8: P1 - Cao | I8: T2 | J8: Backend Dev | K8: Hoàn thành | L8: =IF(K8="Hoàn thành",1,IF(K8="Đang làm",0.5,IF(K8="Rủi ro",0.25,IF(K8="Tạm dừng",0.1,0)))) -> 1 | M8: 46190 | N8: 46191 | O8: Hoàn tất | P8: Hoàn tất | Q8: Hoàn tất | R8: Hoàn tất | S8: docker compose config && kiểm tra healthcheck
A9: T4 | B9: 1 | C9: Hạ tầng | D9: .env.example với mọi env var (DATABASE_URL, KEYCLOAK_ISSUER, KEYCLOAK_CLIENT_ID, DEEPSEEK_, QDRANT_URL, S3_, REDIS_URL, OLLAMA_, GMRAG_, CORS_*) | E9: Hạ tầng: .env.example với mọi env var (DATABASE_URL, KEYCLOAK_ISSUER, KEYCLOAK_CLIENT_ID, DEEPSEEK_, QDRANT_URL, S3_, REDIS_URL, OLLAMA_, GMRAG_, CORS_*) | F9: .env.example | G9: Hạ tầng | H9: P0 - Chặn đường găng | I9: T3 | J9: Backend Dev | K9: Hoàn thành | L9: =IF(K9="Hoàn thành",1,IF(K9="Đang làm",0.5,IF(K9="Rủi ro",0.25,IF(K9="Tạm dừng",0.1,0)))) -> 1 | M9: 46190 | N9: 46191 | O9: Hoàn tất | P9: Hoàn tất | Q9: Hoàn tất | R9: Hoàn tất | S9: docker compose config && kiểm tra healthcheck
A10: T5 | B10: 1 | C10: Hạ tầng | D10: Backend Rust workspace Cargo.toml (members: core, api, worker) | E10: Hạ tầng: Backend Rust workspace Cargo.toml (members: core, api, worker) | F10: gmrag2/ + infra/ + backend/ + frontend/ | G10: Hạ tầng | H10: P0 - Chặn đường găng | I10: T4 | J10: Backend Dev | K10: Hoàn thành | L10: =IF(K10="Hoàn thành",1,IF(K10="Đang làm",0.5,IF(K10="Rủi ro",0.25,IF(K10="Tạm dừng",0.1,0)))) -> 1 | M10: 46191 | N10: 46192 | O10: Hoàn tất | P10: Hoàn tất | Q10: Hoàn tất | R10: Hoàn tất | S10: Kiểm tra thủ công theo checklist
A11: T6 | B11: 1 | C11: Hạ tầng | D11: backend/crates/core/ skeleton (Config struct đọc env, Error enum, DbPool helper) | E11: Hạ tầng: backend/crates/core/ skeleton (Config struct đọc env, Error enum, DbPool helper) | F11: gmrag2/ + infra/ + backend/ + frontend/ | G11: Hạ tầng | H11: P1 - Cao | I11: T5 | J11: Backend Dev | K11: Hoàn thành | L11: =IF(K11="Hoàn thành",1,IF(K11="Đang làm",0.5,IF(K11="Rủi ro",0.25,IF(K11="Tạm dừng",0.1,0)))) -> 1 | M11: 46191 | N11: 46192 | O11: Hoàn tất | P11: Hoàn tất | Q11: Hoàn tất | R11: Hoàn tất | S11: Kiểm tra thủ công theo checklist
A12: T7 | B12: 1 | C12: Hạ tầng | D12: backend/crates/api/ skeleton: main.rs boot pool+migrate+health endpoint, chạy được cargo run | E12: Hạ tầng: backend/crates/api/ skeleton: main.rs boot pool+migrate+health endpoint, chạy được cargo run | F12: gmrag2/ + infra/ + backend/ + frontend/ | G12: Hạ tầng | H12: P1 - Cao | I12: T6 | J12: Backend Dev | K12: Hoàn thành | L12: =IF(K12="Hoàn thành",1,IF(K12="Đang làm",0.5,IF(K12="Rủi ro",0.25,IF(K12="Tạm dừng",0.1,0)))) -> 1 | M12: 46191 | N12: 46192 | O12: Hoàn tất | P12: Hoàn tất | Q12: Hoàn tất | R12: Hoàn tất | S12: cargo run -p gmrag-api && GET /health
A13: T8 | B13: 1 | C13: Hạ tầng | D13: Frontend package.json + next dev chạy được trang / trống | E13: Hạ tầng: Frontend package.json + next dev chạy được trang / trống | F13: gmrag2/ + infra/ + backend/ + frontend/ | G13: Hạ tầng | H13: P2 - Trung bình | I13: T7 | J13: Frontend Dev | K13: Hoàn thành | L13: =IF(K13="Hoàn thành",1,IF(K13="Đang làm",0.5,IF(K13="Rủi ro",0.25,IF(K13="Tạm dừng",0.1,0)))) -> 1 | M13: 46191 | N13: 46192 | O13: Hoàn tất | P13: Hoàn tất | Q13: Hoàn tất | R13: Hoàn tất | S13: pnpm install && pnpm dev
A14: T9 | B14: 2 | C14: Định danh & Tenant | D14: core/src/config.rs + test parse env (TDD) | E14: Hoàn thành theo TDD: core/src/config.rs + test parse env (TDD) | F14: backend/crates/api/src/auth + middleware + migrations | G14: Backend | H14: P0 - Chặn đường găng | I14: T1-T8 | J14: Backend Dev | K14: Hoàn thành | L14: =IF(K14="Hoàn thành",1,IF(K14="Đang làm",0.5,IF(K14="Rủi ro",0.25,IF(K14="Tạm dừng",0.1,0)))) -> 1 | M14: 46191 | N14: 46192 | O14: Hoàn tất | P14: Hoàn tất | Q14: Hoàn tất | R14: Hoàn tất | S14: cargo test --workspace
A15: T10 | B15: 2 | C15: Định danh & Tenant | D15: api/src/auth/jwt.rs validate Keycloak OIDC JWT + JWKS cache + test với mock JWKS | E15: Hoàn thành theo TDD: api/src/auth/jwt.rs validate Keycloak OIDC JWT + JWKS cache + test với mock JWKS | F15: api/src/auth/jwt.rs | G15: Backend API | H15: P1 - Cao | I15: T9 | J15: Backend Dev | K15: Hoàn thành | L15: =IF(K15="Hoàn thành",1,IF(K15="Đang làm",0.5,IF(K15="Rủi ro",0.25,IF(K15="Tạm dừng",0.1,0)))) -> 1 | M15: 46191 | N15: 46192 | O15: Hoàn tất | P15: Hoàn tất | Q15: Hoàn tất | R15: Hoàn tất | S15: cargo test --workspace
A16: T11 | B16: 2 | C16: Định danh & Tenant | D16: api/src/auth/extractor.rs AuthUser (port) + test | E16: Hoàn thành theo TDD: api/src/auth/extractor.rs AuthUser (port) + test | F16: api/src/auth/extractor.rs | G16: Backend API | H16: P1 - Cao | I16: T10 | J16: Backend Dev | K16: Hoàn thành | L16: =IF(K16="Hoàn thành",1,IF(K16="Đang làm",0.5,IF(K16="Rủi ro",0.25,IF(K16="Tạm dừng",0.1,0)))) -> 1 | M16: 46191 | N16: 46192 | O16: Hoàn tất | P16: Hoàn tất | Q16: Hoàn tất | R16: Hoàn tất | S16: cargo test --workspace
A17: T12 | B17: 2 | C17: Định danh & Tenant | D17: Migrations: tenants, tenant_members, users, platform_admins (DDL đầy đủ trong plan) | E17: Định danh & Tenant: Migrations: tenants, tenant_members, users, platform_admins (DDL đầy đủ trong plan) | F17: backend/crates/api/src/auth + middleware + migrations | G17: Database/Bảo mật | H17: P0 - Chặn đường găng | I17: T11 | J17: Backend Dev | K17: Hoàn thành | L17: =IF(K17="Hoàn thành",1,IF(K17="Đang làm",0.5,IF(K17="Rủi ro",0.25,IF(K17="Tạm dừng",0.1,0)))) -> 1 | M17: 46191 | N17: 46192 | O17: Hoàn tất | P17: Hoàn tất | Q17: Hoàn tất | R17: Hoàn tất | S17: cargo test --workspace
A18: T13 | B18: 2 | C18: Định danh & Tenant | D18: api/src/auth/tenant.rs TenantContext extractor (đọc X-Tenant-Id + validate membership) + test | E18: Hoàn thành theo TDD: api/src/auth/tenant.rs TenantContext extractor (đọc X-Tenant-Id + validate membership) + test | F18: api/src/auth/tenant.rs | G18: Backend API | H18: P0 - Chặn đường găng | I18: T12 | J18: Backend Dev | K18: Hoàn thành | L18: =IF(K18="Hoàn thành",1,IF(K18="Đang làm",0.5,IF(K18="Rủi ro",0.25,IF(K18="Tạm dừng",0.1,0)))) -> 1 | M18: 46192 | N18: 46193 | O18: Hoàn tất | P18: Hoàn tất | Q18: Hoàn tất | R18: Hoàn tất | S18: cargo test --workspace
... A23: T18 | B23: 2 | C23: Định danh & Tenant | D23: GET /users/me trả tenants[] + test integration | E23: Hoàn thành theo TDD: GET /users/me trả tenants[] + test integration | F23: backend/crates/api/src/auth + middleware + migrations | G23: Backend | H23: P1 - Cao | I23: T17 | J23: Backend Dev | K23: Hoàn thành | L23: =IF(K23="Hoàn thành",1,IF(K23="Đang làm",0.5,IF(K23="Rủi ro",0.25,IF(K23="Tạm dừng",0.1,0)))) -> 1 | M23: 46193 | N23: 46194 | O23: Hoàn tất | P23: Hoàn tất | Q23: Hoàn tất | R23: Hoàn tất | S23: cargo test --workspace
A24: T19 | B24: 3 | C24: Cơ sở dữ liệu | D24: Migrations workspaces + workspace_members (owner_id, tenant_id FK) | E24: Cơ sở dữ liệu: Migrations workspaces + workspace_members (owner_id, tenant_id FK) | F24: backend/crates/api/migrations | G24: Database/Bảo mật | H24: P0 - Chặn đường găng | I24: T12-T15 | J24: Backend Dev | K24: Hoàn thành | L24: =IF(K24="Hoàn thành",1,IF(K24="Đang làm",0.5,IF(K24="Rủi ro",0.25,IF(K24="Tạm dừng",0.1,0)))) -> 1 | M24: 46193 | N24: 46194 | O24: Hoàn tất | P24: Hoàn tất | Q24: Hoàn tất | R24: Hoàn tất | S24: cargo test --workspace | T24: Lồng ghép xử lý Blocker 1 & 2 từ BATCH2B: Phải refactor TenantContext thành middleware chạy trước RLS, và chuyển DB connection pool từ role superuser (gmrag) sang role gmrag_app để đảm bảo RLS thực sự có hiệu lực trước khi thêm bảng mới
A25: T20 | B25: 3 | C25: Cơ sở dữ liệu | D25: Migrations documents (owner_id, visibility, share_token) + document_chunks (qdrant_point_id, KHÔNG embedding) | E25: Cơ sở dữ liệu: Migrations documents (owner_id, visibility, share_token) + document_chunks (qdrant_point_id, KHÔNG embedding) | F25: backend/crates/api/migrations | G25: Database/Bảo mật | H25: P1 - Cao | I25: T19 | J25: Backend Dev | K25: Hoàn thành | L25: =IF(K25="Hoàn thành",1,IF(K25="Đang làm",0.5,IF(K25="Rủi ro",0.25,IF(K25="Tạm dừng",0.1,0)))) -> 1 | M25: 46193 | N25: 46194 | O25: Hoàn tất | P25: Hoàn tất | Q25: Hoàn tất | R25: Hoàn tất | S25: cargo test --workspace
A26: T21 | B26: 3 | C26: Cơ sở dữ liệu | D26: Migrations graph_* (+contributor_id, qdrant_point_id) | E26: Cơ sở dữ liệu: Migrations graph_* (+contributor_id, qdrant_point_id) | F26: backend/crates/api/migrations | G26: Database/Bảo mật | H26: P1 - Cao | I26: T20 | J26: Backend Dev | K26: Hoàn thành | L26: =IF(K26="Hoàn thành",1,IF(K26="Đang làm",0.5,IF(K26="Rủi ro",0.25,IF(K26="Tạm dừng",0.1,0)))) -> 1 | M26: 46193 | N26: 46194 | O26: Hoàn tất | P26: Hoàn tất | Q26: Hoàn tất | R26: Hoàn tất | S26: cargo test --workspace
A27: T22 | B27: 3 | C27: Cơ sở dữ liệu | D27: Migrations chat_sessions (+owner_id, visibility) + chat_messages | E27: Cơ sở dữ liệu: Migrations chat_sessions (+owner_id, visibility) + chat_messages | F27: backend/crates/api/migrations | G27: Database/Bảo mật | H27: P1 - Cao | I27: T21 | J27: Backend Dev | K27: Hoàn thành | L27: =IF(K27="Hoàn thành",1,IF(K27="Đang làm",0.5,IF(K27="Rủi ro",0.25,IF(K27="Tạm dừng",0.1,0)))) -> 1 | M27: 46193 | N27: 46194 | O27: Hoàn tất | P27: Hoàn tất | Q27: Hoàn tất | R27: Hoàn tất | S27: cargo test --workspace
A28: T23 | B28: 3 | C28: Cơ sở dữ liệu | D28: Migrations resource_acl + invitations | E28: Cơ sở dữ liệu: Migrations resource_acl + invitations | F28: backend/crates/api/migrations | G28: Database/Bảo mật | H28: P1 - Cao | I28: T22 | J28: Backend Dev | K28: Hoàn thành | L28: =IF(K28="Hoàn thành",1,IF(K28="Đang làm",0.5,IF(K28="Rủi ro",0.25,IF(K28="Tạm dừng",0.1,0)))) -> 1 | M28: 46194 | N28: 46195 | O28: Hoàn tất | P28: Hoàn tất | Q28: Hoàn tất | R28: Hoàn tất | S28: cargo test --workspace
A29: T24 | B29: 3 | C29: Cơ sở dữ liệu | D29: Migrations tenant_quotas + usage_events + audit_log + ingest_jobs | E29: Cơ sở dữ liệu: Migrations tenant_quotas + usage_events + audit_log + ingest_jobs | F29: backend/crates/api/migrations | G29: Database/Bảo mật | H29: P0 - Chặn đường găng | I29: T23 | J29: Backend Dev | K29: Hoàn thành | L29: =IF(K29="Hoàn thành",1,IF(K29="Đang làm",0.5,IF(K29="Rủi ro",0.25,IF(K29="Tạm dừng",0.1,0)))) -> 1 | M29: 46194 | N29: 46195 | O29: Hoàn tất | P29: Hoàn tất | Q29: Hoàn tất | R29: Hoàn tất | S29: cargo test --workspace
A30: T25 | B30: 3 | C30: Cơ sở dữ liệu | D30: RLS policy apply trên TẤT cả bảng có tenant_id (migration) + test negative isolation | E30: Hoàn thành theo TDD: RLS policy apply trên TẤT cả bảng có tenant_id (migration) + test negative isolation | F30: backend/crates/api/migrations | G30: Database/Bảo mật | H30: P0 - Chặn đường găng | I30: T24 | J30: Backend Dev | K30: Hoàn thành | L30: =IF(K30="Hoàn thành",1,IF(K30="Đang làm",0.5,IF(K30="Rủi ro",0.25,IF(K30="Tạm dừng",0.1,0)))) -> 1 | M30: 46194 | N30: 46195 | O30: Hoàn tất | P30: Hoàn tất | Q30: Hoàn tất | R30: Hoàn tất | S30: cargo test --workspace
A31: T26 | B31: 3 | C31: Cơ sở dữ liệu | D31: Seed script infra/postgres/seed.sql (2 tenants, users, sample workspace) | E31: Cơ sở dữ liệu: Seed script infra/postgres/seed.sql (2 tenants, users, sample workspace) | F31: infra/postgres/seed.sql | G31: Database/Bảo mật | H31: P2 - Trung bình | I31: T25 | J31: Backend Dev | K31: Hoàn thành | L31: =IF(K31="Hoàn thành",1,IF(K31="Đang làm",0.5,IF(K31="Rủi ro",0.25,IF(K31="Tạm dừng",0.1,0)))) -> 1 | M31: 46194 | N31: 46195 | O31: Hoàn tất | P31: Hoàn tất | Q31: Hoàn tất | R31: Hoàn tất | S31: cargo test --workspace | T31: Lưu ý DB đang áp dụng bless checksum cho 2 file migration cũ, lệnh migrate có thể cần dọn dẹp offline cache. Các bài test negative isolation cross-tenant phải tiếp tục sử dụng SET LOCAL ROLE gmrag_app
A32: T27 | B32: 4 | C32: Vector DB | D32: core thêm qdrant-client dep + QdrantStore wrapper (create/delete collection, upsert/search) | E32: Vector DB: core thêm qdrant-client dep + QdrantStore wrapper (create/delete collection, upsert/search) | F32: backend/crates/core/src/qdrant + Qdrant | G32: Vector DB | H32: P0 - Chặn đường găng | I32: T19-T26 | J32: Backend Dev | K32: Hoàn thành | L32: =IF(K32="Hoàn thành",1,IF(K32="Đang làm",0.5,IF(K32="Rủi ro",0.25,IF(K32="Tạm dừng",0.1,0)))) -> 1 | M32: 46194 | N32: 46195 | O32: Hoàn tất | P32: Hoàn tất | Q32: Hoàn tất | R32: Hoàn tất | S32: cargo test --workspace
A33: T28 | B33: 4 | C33: Vector DB | D33: Collection schema: chunks_{tenant_id} dim 768 HNSW cosine + payload {workspace_id, document_id, chunk_index, filename, owner_id, visibility} | E33: Vector DB: Collection schema: chunks_{tenant_id} dim 768 HNSW cosine + payload {workspace_id, document_id, chunk_index, filename, owner_id, visibility} | F33: backend/crates/core/src/qdrant + Qdrant | G33: Vector DB | H33: P0 - Chặn đường găng | I33: T27 | J33: Backend Dev | K33: Hoàn thành | L33: =IF(K33="Hoàn thành",1,IF(K33="Đang làm",0.5,IF(K33="Rủi ro",0.25,IF(K33="Tạm dừng",0.1,0)))) -> 1 | M33: 46194 | N33: 46195 | O33: Hoàn tất | P33: Hoàn tất | Q33: Hoàn tất | R33: Hoàn tất | S33: cargo test --workspace
A34: T29 | B34: 4 | C34: Vector DB | D34: Collection schema: graph_{tenant_id} dim 768 + payload {node_id, workspace_id, entity_name} | E34: Vector DB: Collection schema: graph_{tenant_id} dim 768 + payload {node_id, workspace_id, entity_name} | F34: backend/crates/core/src/qdrant + Qdrant | G34: Vector DB | H34: P1 - Cao | I34: T28 | J34: Backend Dev | K34: Hoàn thành | L34: =IF(K34="Hoàn thành",1,IF(K34="Đang làm",0.5,IF(K34="Rủi ro",0.25,IF(K34="Tạm dừng",0.1,0)))) -> 1 | M34: 46194 | N34: 46195 | O34: Hoàn tất | P34: Hoàn tất | Q34: Hoàn tất | R34: Hoàn tất | S34: cargo test --workspace
A35: T30 | B35: 4 | C35: Vector DB | D35: Lifecycle hook: create tenant → tạo 2 collection; delete tenant → xóa collection + test | E35: Hoàn thành theo TDD: Lifecycle hook: create tenant → tạo 2 collection; delete tenant → xóa collection + test | F35: backend/crates/core/src/qdrant + Qdrant | G35: Vector DB | H35: P0 - Chặn đường găng | I35: T29 | J35: Backend Dev | K35: Hoàn thành | L35: =IF(K35="Hoàn thành",1,IF(K35="Đang làm",0.5,IF(K35="Rủi ro",0.25,IF(K35="Tạm dừng",0.1,0)))) -> 1 | M35: 46194 | N35: 46195 | O35: Hoàn tất | P35: Hoàn tất | Q35: Hoàn tất | R35: Hoàn tất | S35: cargo test --workspace | T35: Trước khi tạo collection theo tenant, phải đổi default Qdrant sang gRPC port 6334 (DEFAULT_QDRANT_URL, .env.example). create_chunks_collection/create_graph_collection hiện không idempotent, lifecycle hook cần check list_collection_names hoặc thêm ensure_* wrapper trước khi create.
A36: T31 | B36: 4 | C36: Vector DB | D36: QdrantStore::upsert_chunks(tenant, points) + test | E36: Hoàn thành theo TDD: QdrantStore::upsert_chunks(tenant, points) + test | F36: backend/crates/core/src/qdrant + Qdrant | G36: Vector DB | H36: P1 - Cao | I36: T30 | J36: Backend Dev | K36: Hoàn thành | L36: =IF(K36="Hoàn thành",1,IF(K36="Đang làm",0.5,IF(K36="Rủi ro",0.25,IF(K36="Tạm dừng",0.1,0)))) -> 1 | M36: 46195 | N36: 46196 | O36: Hoàn tất | P36: Hoàn tất | Q36: Hoàn tất | R36: Hoàn tất | S36: cargo test --workspace
A37: T32 | B37: 4 | C37: Vector DB | D37: QdrantStore::search_chunks(tenant, vector, filter, top_k) + test recall | E37: Hoàn thành theo TDD: QdrantStore::search_chunks(tenant, vector, filter, top_k) + test recall | F37: backend/crates/core/src/qdrant + Qdrant | G37: Vector DB | H37: P1 - Cao | I37: T31 | J37: Backend Dev | K37: Hoàn thành | L37: =IF(K37="Hoàn thành",1,IF(K37="Đang làm",0.5,IF(K37="Rủi ro",0.25,IF(K37="Tạm dừng",0.1,0)))) -> 1 | M37: 46195 | N37: 46196 | O37: Hoàn tất | P37: Hoàn tất | Q37: Hoàn tất | R37: Hoàn tất | S37: cargo test --workspace | T37: < Thêm hotfix. 2 dòng fix clippy. Tạo tenant_resolve_middleware mới, wire đúng thứ tự LIFO của Axum. Nhớ là Axum layer stack ngược — .layer() gọi sau = chạy trước. Nếu wire sai thứ tự là 500 hết. Tách admin_pool (superuser, chỉ dùng cho migration + provision) với app_pool (gmrag_app, RLS enforced, dùng cho mọi business query). Worker Batch 5 PHẢI dùng app_pool không thì data bypass RLS bay màu không hay :)
A38: T33 | B38: 4 | C38: Vector DB | D38: QdrantStore::search_graph_nodes + upsert_graph + test | E38: Hoàn thành theo TDD: QdrantStore::search_graph_nodes + upsert_graph + test | F38: backend/crates/core/src/qdrant + Qdrant | G38: Vector DB | H38: P2 - Trung bình | I38: T32 | J38: Backend Dev | K38: Hoàn thành | L38: =IF(K38="Hoàn thành",1,IF(K38="Đang làm",0.5,IF(K38="Rủi ro",0.25,IF(K38="Tạm dừng",0.1,0)))) -> 1 | M38: 46195 | N38: 46196 | O38: Hoàn tất | P38: Hoàn tất | Q38: Hoàn tất | R38: Hoàn tất | S38: cargo test --workspace | T38: T29 mới chỉ tạo schema graph_{tenant_id}. Khi implement upsert/search graph nodes cần embed entity description, filter theo workspace_id, và giữ node_id để join ngược về graph_nodes trong Postgres.
A39: T34 | B39: 5 | C39: Worker ingestion | D39: worker/ crate skeleton + Redis poll loop (BRPOP gmrag:ingest_jobs) + test với redis mock | E39: Hoàn thành theo TDD: worker/ crate skeleton + Redis poll loop (BRPOP gmrag:ingest_jobs) + test với redis mock | F39: backend/crates/worker/src | G39: Worker | H39: P0 - Chặn đường găng | I39: T1-T8, T27-T33 | J39: Backend Dev | K39: Hoàn thành | L39: =IF(K39="Hoàn thành",1,IF(K39="Đang làm",0.5,IF(K39="Rủi ro",0.25,IF(K39="Tạm dừng",0.1,0)))) -> 1 | M39: 46195 | N39: 46196 | O39: Hoàn tất | P39: Hoàn tất | Q39: Hoàn tất | R39: Hoàn tất | S39: cargo test -p gmrag-worker | T39: CẢNH BÁO KIẾN TRÚC TỪ T19: Worker hiện đang dùng init_pool (superuser). Khi xử lý ingest pipeline, worker bắt buộc phải chuyển sang dùng init_app_pool và thực thi SET LOCAL app.tenant_id = ... cho từng job cụ thể trước khi ghi metadata vào Postgres, nếu không data sẽ bypass RLS hoặc bị chặn.
A40: T35 | B40: 5 | C40: Worker ingestion | D40: worker/src/storage.rs S3 download/upload (MinIO) + test | E40: Hoàn thành theo TDD: worker/src/storage.rs S3 download/upload (MinIO) + test | F40: worker/src/storage.rs | G40: Worker | H40: P1 - Cao | I40: T34 | J40: Backend Dev | K40: Hoàn thành | L40: =IF(K40="Hoàn thành",1,IF(K40="Đang làm",0.5,IF(K40="Rủi ro",0.25,IF(K40="Tạm dừng",0.1,0)))) -> 1 | M40: 46195 | N40: 46196 | O40: Hoàn tất | P40: Hoàn tất | Q40: Hoàn tất | R40: Hoàn tất | S40: cargo test -p gmrag-worker
A41: T36 | B41: 5 | C41: Worker ingestion | D41: worker/src/pdf_parser.rs port lopdf+pdf-extract + timeout + test với sample PDF | E41: Hoàn thành theo TDD: worker/src/pdf_parser.rs port lopdf+pdf-extract + timeout + test với sample PDF | F41: worker/src/pdf_parser.rs | G41: Worker | H41: P1 - Cao | I41: T35 | J41: Backend Dev | K41: Hoàn thành | L41: =IF(K41="Hoàn thành",1,IF(K41="Đang làm",0.5,IF(K41="Rủi ro",0.25,IF(K41="Tạm dừng",0.1,0)))) -> 1 | M41: 46195 | N41: 46196 | O41: Hoàn tất | P41: Hoàn tất | Q41: Hoàn tất | R41: Hoàn tất | S41: cargo test -p gmrag-worker
A42: T37 | B42: 5 | C42: Worker ingestion | D42: worker/src/pdf_parser.rs OCR fallback thật (pdfium-render rasterize) + test | E42: Hoàn thành theo TDD: worker/src/pdf_parser.rs OCR fallback thật (pdfium-render rasterize) + test | F42: worker/src/pdf_parser.rs | G42: Worker | H42: P2 - Trung bình | I42: T36 | J42: Backend Dev | K42: Hoàn thành | L42: =IF(K42="Hoàn thành",1,IF(K42="Đang làm",0.5,IF(K42="Rủi ro",0.25,IF(K42="Tạm dừng",0.1,0)))) -> 1 | M42: 46195 | N42: 46196 | O42: Hoàn tất | P42: Hoàn tất | Q42: Hoàn tất | R42: Hoàn tất | S42: cargo test -p gmrag-worker
A43: T38 | B43: 5 | C43: Worker ingestion | D43: worker/src/chunking.rs port tiktoken cl100k 1200/100 + test | E43: Hoàn thành theo TDD: worker/src/chunking.rs port tiktoken cl100k 1200/100 + test | F43: worker/src/chunking.rs | G43: Worker | H43: P1 - Cao | I43: T37 | J43: Backend Dev | K43: Hoàn thành | L43: =IF(K43="Hoàn thành",1,IF(K43="Đang làm",0.5,IF(K43="Rủi ro",0.25,IF(K43="Tạm dừng",0.1,0)))) -> 1 | M43: 46196 | N43: 46197 | O43: Hoàn tất | P43: Hoàn tất | Q43: Hoàn tất | R43: Hoàn tất | S43: cargo test -p gmrag-worker
A44: T39 | B44: 5 | C44: Worker ingestion | D44: worker/src/embedding.rs Ollama embed batch + retry/backoff + test (mock Ollama) | E44: Hoàn thành theo TDD: worker/src/embedding.rs Ollama embed batch + retry/backoff + test (mock Ollama) | F44: worker/src/embedding.rs | G44: Worker | H44: P0 - Chặn đường găng | I44: T38 | J44: Backend Dev | K44: Hoàn thành | L44: =IF(K44="Hoàn thành",1,IF(K44="Đang làm",0.5,IF(K44="Rủi ro",0.25,IF(K44="Tạm dừng",0.1,0)))) -> 1 | M44: 46196 | N44: 46197 | O44: Hoàn tất | P44: Hoàn tất | Q44: Hoàn tất | R44: Hoàn tất | S44: cargo test -p gmrag-worker
A45: T40 | B45: 5 | C45: Worker ingestion | D45: BYOK embed trait: đọc tenant_llm_config, nếu có OpenAI key → dùng text-embedding-3-small + test | E45: Hoàn thành theo TDD: BYOK embed trait: đọc tenant_llm_config, nếu có OpenAI key → dùng text-embedding-3-small + test | F45: backend/crates/worker/src | G45: Worker | H45: P1 - Cao | I45: T39 | J45: Backend Dev | K45: Hoàn thành | L45: =IF(K45="Hoàn thành",1,IF(K45="Đang làm",0.5,IF(K45="Rủi ro",0.25,IF(K45="Tạm dừng",0.1,0)))) -> 1 | M45: 46196 | N45: 46197 | O45: Hoàn tất | P45: Hoàn tất | Q45: Hoàn tất | R45: Hoàn tất | S45: cargo test -p gmrag-worker
A46: T41 | B46: 5 | C46: Worker ingestion | D46: worker/src/graph.rs port DeepSeek extract + tolerant JSON parser + test | E46: Hoàn thành theo TDD: worker/src/graph.rs port DeepSeek extract + tolerant JSON parser + test | F46: worker/src/graph.rs | G46: Worker | H46: P1 - Cao | I46: T40 | J46: Backend Dev | K46: Hoàn thành | L46: =IF(K46="Hoàn thành",1,IF(K46="Đang làm",0.5,IF(K46="Rủi ro",0.25,IF(K46="Tạm dừng",0.1,0)))) -> 1 | M46: 46197 | N46: 46198 | O46: Hoàn tất | P46: Hoàn tất | Q46: Hoàn tất | R46: Hoàn tất | S46: cargo test -p gmrag-worker
A47: T42 | B47: 5 | C47: Worker ingestion | D47: worker/src/qdrant_writer.rs dual-write Postgres (metadata) + Qdrant (vector) trong transaction + test | E47: Hoàn thành theo TDD: worker/src/qdrant_writer.rs dual-write Postgres (metadata) + Qdrant (vector) trong transaction + test | F47: worker/src/qdrant_writer.rs | G47: Vector DB | H47: P1 - Cao | I47: T41 | J47: Backend Dev | K47: Hoàn thành | L47: =IF(K47="Hoàn thành",1,IF(K47="Đang làm",0.5,IF(K47="Rủi ro",0.25,IF(K47="Tạm dừng",0.1,0)))) -> 1 | M47: 46197 | N47: 46198 | O47: Hoàn tất | P47: Hoàn tất | Q47: Hoàn tất | R47: Hoàn tất | S47: cargo test -p gmrag-worker | T47: Khi worker dual-write Postgres + Qdrant, phải đảm bảo Qdrant dùng 6334 và collection đã tồn tại/idempotent trước khi upsert; nếu không job có thể fail do collection đã tồn tại hoặc client nối nhầm REST port 6333.
A48: T43 | B48: 5 | C48: Worker ingestion | D48: Job retry logic (attempts++, backoff, mark FAILED sau 3 lần) + test | E48: Hoàn thành theo TDD: Job retry logic (attempts++, backoff, mark FAILED sau 3 lần) + test | F48: backend/crates/worker/src | G48: Backend | H48: P1 - Cao | I48: T42 | J48: Backend Dev | K48: Hoàn thành | L48: =IF(K48="Hoàn thành",1,IF(K48="Đang làm",0.5,IF(K48="Rủi ro",0.25,IF(K48="Tạm dừng",0.1,0)))) -> 1 | M48: 46197 | N48: 46198 | O48: Hoàn tất | P48: Hoàn tất | Q48: Hoàn tất | R48: Hoàn tất | S48: cargo test -p gmrag-worker
A49: T44 | B49: 6 | C49: RAG & LLM | D49: api/src/llm/provider.rs trait (embed_query, chat_stream, graph_extract) + DeepSeek impl + test mock | E49: Hoàn thành theo TDD: api/src/llm/provider.rs trait (embed_query, chat_stream, graph_extract) + DeepSeek impl + test mock | F49: api/src/llm/provider.rs | G49: Backend API | H49: P0 - Chặn đường găng | I49: T27-T33, T34-T43 | J49: Backend Dev | K49: Hoàn thành | L49: =IF(K49="Hoàn thành",1,IF(K49="Đang làm",0.5,IF(K49="Rủi ro",0.25,IF(K49="Tạm dừng",0.1,0)))) -> 1 | M49: 46197 | N49: 46198 | O49: Hoàn tất | P49: Hoàn tất | Q49: Hoàn tất | R49: Hoàn tất | S49: cargo test --workspace
A50: T45 | B50: 6 | C50: RAG & LLM | D50: api/src/llm/byok.rs decrypt tenant config (AES-GCM) + fallback env default + test | E50: Hoàn thành theo TDD: api/src/llm/byok.rs decrypt tenant config (AES-GCM) + fallback env default + test | F50: api/src/llm/byok.rs | G50: Backend API | H50: P0 - Chặn đường găng | I50: T44 | J50: Backend Dev | K50: Hoàn thành | L50: =IF(K50="Hoàn thành",1,IF(K50="Đang làm",0.5,IF(K50="Rủi ro",0.25,IF(K50="Tạm dừng",0.1,0)))) -> 1 | M50: 46197 | N50: 46198 | O50: Hoàn tất | P50: Hoàn tất | Q50: Hoàn tất | R50: Hoàn tất | S50: cargo test --workspace
A51: T46 | B51: 6 | C51: RAG & LLM | D51: api/src/chat/retrieval.rs embed query → Qdrant search chunks top-5 (filter ACL) + test | E51: Hoàn thành theo TDD: api/src/chat/retrieval.rs embed query → Qdrant search chunks top-5 (filter ACL) + test | F51: api/src/chat/retrieval.rs | G51: Vector DB | H51: P0 - Chặn đường găng | I51: T45 | J51: Backend Dev | K51: Hoàn thành | L51: =IF(K51="Hoàn thành",1,IF(K51="Đang làm",0.5,IF(K51="Rủi ro",0.25,IF(K51="Tạm dừng",0.1,0)))) -> 1 | M51: 46197 | N51: 46198 | O51: Hoàn tất | P51: Hoàn tất | Q51: Hoàn tất | R51: Hoàn tất | S51: cargo test --workspace
A52: T47 | B52: 6 | C52: RAG & LLM | D52: api/src/chat/retrieval.rs Qdrant graph nodes top-5 + ILIKE fallback + edges + test | E52: Hoàn thành theo TDD: api/src/chat/retrieval.rs Qdrant graph nodes top-5 + ILIKE fallback + edges + test | F52: api/src/chat/retrieval.rs | G52: Vector DB | H52: P2 - Trung bình | I52: T46 | J52: Backend Dev | K52: Hoàn thành | L52: =IF(K52="Hoàn thành",1,IF(K52="Đang làm",0.5,IF(K52="Rủi ro",0.25,IF(K52="Tạm dừng",0.1,0)))) -> 1 | M52: 46198 | N52: 46199 | O52: Hoàn tất | P52: Hoàn tất | Q52: Hoàn tất | R52: Hoàn tất | S52: cargo test --workspace
A53: T48 | B53: 6 | C53: RAG & LLM | D53: api/src/chat/mod.rs assemble_system_prompt (port, chunks [chunk:N]) + test | E53: Hoàn thành theo TDD: api/src/chat/mod.rs assemble_system_prompt (port, chunks [chunk:N]) + test | F53: api/src/chat/mod.rs | G53: Worker | H53: P1 - Cao | I53: T47 | J53: Backend Dev | K53: Hoàn thành | L53: =IF(K53="Hoàn thành",1,IF(K53="Đang làm",0.5,IF(K53="Rủi ro",0.25,IF(K53="Tạm dừng",0.1,0)))) -> 1 | M53: 46198 | N53: 46199 | O53: Hoàn tất | P53: Hoàn tất | Q53: Hoàn tất | R53: Hoàn tất | S53: cargo test --workspace
A54: T49 | B54: 6 | C54: RAG & LLM | D54: api/src/chat/streaming.rs DeepSeek SSE stream + DeepseekTokenParser port + test | E54: Hoàn thành theo TDD: api/src/chat/streaming.rs DeepSeek SSE stream + DeepseekTokenParser port + test | F54: api/src/chat/streaming.rs | G54: Backend API | H54: P1 - Cao | I54: T48 | J54: Backend Dev | K54: Hoàn thành | L54: =IF(K54="Hoàn thành",1,IF(K54="Đang làm",0.5,IF(K54="Rủi ro",0.25,IF(K54="Tạm dừng",0.1,0)))) -> 1 | M54: 46198 | N54: 46199 | O54: Hoàn tất | P54: Hoàn tất | Q54: Hoàn tất | R54: Hoàn tất | S54: cargo test --workspace
A55: T50 | B55: 6 | C55: RAG & LLM | D55: api/src/chat/mod.rs resolve_chunk_index_citations (point_id → uuid) + test | E55: Hoàn thành theo TDD: api/src/chat/mod.rs resolve_chunk_index_citations (point_id → uuid) + test | F55: api/src/chat/mod.rs | G55: Worker | H55: P2 - Trung bình | I55: T49 | J55: Backend Dev | K55: Hoàn thành | L55: =IF(K55="Hoàn thành",1,IF(K55="Đang làm",0.5,IF(K55="Rủi ro",0.25,IF(K55="Tạm dừng",0.1,0)))) -> 1 | M55: 46199 | N55: 46200 | O55: Hoàn tất | P55: Hoàn tất | Q55: Hoàn tất | R55: Hoàn tất | S55: cargo test --workspace
A56: T51 | B56: 6 | C56: RAG & LLM | D56: Metering: ghi usage_events (llm_tokens, embedding_tokens) sau mỗi call + test | E56: Hoàn thành theo TDD: Metering: ghi usage_events (llm_tokens, embedding_tokens) sau mỗi call + test | F56: backend/crates/api/src/chat + llm | G56: Worker | H56: P2 - Trung bình | I56: T50 | J56: Backend Dev | K56: Hoàn thành | L56: =IF(K56="Hoàn thành",1,IF(K56="Đang làm",0.5,IF(K56="Rủi ro",0.25,IF(K56="Tạm dừng",0.1,0)))) -> 1 | M56: 46199 | N56: 46200 | O56: Hoàn tất | P56: Hoàn tất | Q56: Hoàn tất | R56: Hoàn tất | S56: cargo test --workspace
A57: T52 | B57: 7 | C57: API nghiệp vụ | D57: routes/tenants.rs GET/POST /tenants (auto OWNER) + test | E57: Hoàn thành theo TDD: routes/tenants.rs GET/POST /tenants (auto OWNER) + test | F57: backend/crates/api/src/routes | G57: Backend API | H57: P0 - Chặn đường găng | I57: T13-T25, T44-T51 | J57: Backend Dev | K57: Hoàn thành | L57: =IF(K57="Hoàn thành",1,IF(K57="Đang làm",0.5,IF(K57="Rủi ro",0.25,IF(K57="Tạm dừng",0.1,0)))) -> 1 | M57: 46198 | N57: 46199 | O57: Hoàn tất | P57: Hoàn tất | Q57: Hoàn tất | R57: Hoàn tất | S57: cargo test --workspace | T57: Từ T26 đã có .sqlx offline cache. Khi thêm/sửa query!/query_as! ở các route API, phải chạy lại cargo sqlx prepare --workspace; trên Windows/host dev nên dùng SQLX_OFFLINE=true khi clippy/build nếu DB host postgres16 không resolve.
A58: T53 | B58: 7 | C58: API nghiệp vụ | D58: routes/tenants.rs PATCH/DELETE /tenants/{tid} (TENANT_OWNER) + cascade + test | E58: Hoàn thành theo TDD: routes/tenants.rs PATCH/DELETE /tenants/{tid} (TENANT_OWNER) + cascade + test | F58: backend/crates/api/src/routes | G58: Backend API | H58: P1 - Cao | I58: T52 | J58: Backend Dev | K58: Hoàn thành | L58: =IF(K58="Hoàn thành",1,IF(K58="Đang làm",0.5,IF(K58="Rủi ro",0.25,IF(K58="Tạm dừng",0.1,0)))) -> 1 | M58: 46198 | N58: 46199 | O58: Hoàn tất | P58: Hoàn tất | Q58: Hoàn tất | R58: Hoàn tất | S58: cargo test --workspace
A59: T54 | B59: 7 | C59: API nghiệp vụ | D59: routes/tenant_members.rs list/invite/remove + test ACL | E59: Hoàn thành theo TDD: routes/tenant_members.rs list/invite/remove + test ACL | F59: backend/crates/api/src/routes | G59: Backend API | H59: P1 - Cao | I59: T53 | J59: Backend Dev | K59: Hoàn thành | L59: =IF(K59="Hoàn thành",1,IF(K59="Đang làm",0.5,IF(K59="Rủi ro",0.25,IF(K59="Tạm dừng",0.1,0)))) -> 1 | M59: 46198 | N59: 46199 | O59: Hoàn tất | P59: Hoàn tất | Q59: Hoàn tất | R59: Hoàn tất | S59: cargo test --workspace
A60: T55 | B60: 7 | C60: API nghiệp vụ | D60: routes/workspaces.rs CRUD tenant-scoped + test | E60: Hoàn thành theo TDD: routes/workspaces.rs CRUD tenant-scoped + test | F60: backend/crates/api/src/routes | G60: Backend API | H60: P0 - Chặn đường găng | I60: T54 | J60: Backend Dev | K60: Hoàn thành | L60: =IF(K60="Hoàn thành",1,IF(K60="Đang làm",0.5,IF(K60="Rủi ro",0.25,IF(K60="Tạm dừng",0.1,0)))) -> 1 | M60: 46199 | N60: 46200 | O60: Hoàn tất | P60: Hoàn tất | Q60: Hoàn tất | R60: Hoàn tất | S60: cargo test --workspace | T60: BẤT BIẾN RLS (Blocker 3 BATCH2B): Mọi handler thao tác dữ liệu tenant-scoped PHẢI extract SharedConnection. Tuyệt đối KHÔNG dùng PgPool trực tiếp, nếu không query sẽ bị RLS từ chối hoặc bypass
A61: T56 | B61: 7 | C61: API nghiệp vụ | D61: routes/ws_members.rs workspace members + test | E61: Hoàn thành theo TDD: routes/ws_members.rs workspace members + test | F61: backend/crates/api/src/routes | G61: Backend API | H61: P2 - Trung bình | I61: T55 | J61: Backend Dev | K61: Hoàn thành | L61: =IF(K61="Hoàn thành",1,IF(K61="Đang làm",0.5,IF(K61="Rủi ro",0.25,IF(K61="Tạm dừng",0.1,0)))) -> 1 | M61: 46199 | N61: 46200 | O61: Hoàn tất | P61: Hoàn tất | Q61: Hoàn tất | R61: Hoàn tất | S61: cargo test --workspace
A62: T57 | B62: 7 | C62: API nghiệp vụ | D62: routes/documents.rs list (visibility+ACL filter) + test | E62: Hoàn thành theo TDD: routes/documents.rs list (visibility+ACL filter) + test | F62: backend/crates/api/src/routes | G62: Backend API | H62: P1 - Cao | I62: T56 | J62: Backend Dev | K62: Hoàn thành | L62: =IF(K62="Hoàn thành",1,IF(K62="Đang làm",0.5,IF(K62="Rủi ro",0.25,IF(K62="Tạm dừng",0.1,0)))) -> 1 | M62: 46199 | N62: 46200 | O62: Hoàn tất | P62: Hoàn tất | Q62: Hoàn tất | R62: Hoàn tất | S62: cargo test --workspace
A63: T58 | B63: 7 | C63: API nghiệp vụ | D63: routes/documents.rs upload → S3 + enqueue ingest_job + quota check + test | E63: Hoàn thành theo TDD: routes/documents.rs upload → S3 + enqueue ingest_job + quota check + test | F63: backend/crates/api/src/routes | G63: Backend API | H63: P0 - Chặn đường găng | I63: T57 | J63: Backend Dev | K63: Hoàn thành | L63: =IF(K63="Hoàn thành",1,IF(K63="Đang làm",0.5,IF(K63="Rủi ro",0.25,IF(K63="Tạm dừng",0.1,0)))) -> 1 | M63: 46200 | N63: 46201 | O63: Hoàn tất | P63: Hoàn tất | Q63: Hoàn tất | R63: Hoàn tất | S63: cargo test --workspace
A64: T59 | B64: 7 | C64: API nghiệp vụ | D64: routes/documents.rs delete (orphan graph cleanup) + test | E64: Hoàn thành theo TDD: routes/documents.rs delete (orphan graph cleanup) + test | F64: backend/crates/api/src/routes | G64: Backend API | H64: P1 - Cao | I64: T58 | J64: Backend Dev | K64: Hoàn thành | L64: =IF(K64="Hoàn thành",1,IF(K64="Đang làm",0.5,IF(K64="Rủi ro",0.25,IF(K64="Tạm dừng",0.1,0)))) -> 1 | M64: 46200 | N64: 46201 | O64: Hoàn tất | P64: Hoàn tất | Q64: Hoàn tất | R64: Hoàn tất | S64: cargo test --workspace
A65: T60 | B65: 7 | C65: API nghiệp vụ | D65: routes/documents.rs preview + chunk fetch + test | E65: Hoàn thành theo TDD: routes/documents.rs preview + chunk fetch + test | F65: backend/crates/api/src/routes | G65: Worker | H65: P2 - Trung bình | I65: T59 | J65: Backend Dev | K65: Hoàn thành | L65: =IF(K65="Hoàn thành",1,IF(K65="Đang làm",0.5,IF(K65="Rủi ro",0.25,IF(K65="Tạm dừng",0.1,0)))) -> 1 | M65: 46200 | N65: 46201 | O65: Hoàn tất | P65: Hoàn tất | Q65: Hoàn tất | R65: Hoàn tất | S65: cargo test --workspace
A66: T61 | B66: 7 | C66: API nghiệp vụ | D66: routes/chat.rs POST chat (SSE) + session ACL + test | E66: Hoàn thành theo TDD: routes/chat.rs POST chat (SSE) + session ACL + test | F66: backend/crates/api/src/routes | G66: Backend API | H66: P0 - Chặn đường găng | I66: T60 | J66: Backend Dev | K66: Hoàn thành | L66: =IF(K66="Hoàn thành",1,IF(K66="Đang làm",0.5,IF(K66="Rủi ro",0.25,IF(K66="Tạm dừng",0.1,0)))) -> 1 | M66: 46201 | N66: 46202 | O66: Hoàn tất | P66: Hoàn tất | Q66: Hoàn tất | R66: Hoàn tất | S66: cargo test --workspace
A67: T62 | B67: 7 | C67: API nghiệp vụ | D67: routes/chat.rs sessions/messages CRUD + ACL + test | E67: Hoàn thành theo TDD: routes/chat.rs sessions/messages CRUD + ACL + test | F67: backend/crates/api/src/routes | G67: Backend API | H67: P1 - Cao | I67: T61 | J67: Backend Dev | K67: Hoàn thành | L67: =IF(K67="Hoàn thành",1,IF(K67="Đang làm",0.5,IF(K67="Rủi ro",0.25,IF(K67="Tạm dừng",0.1,0)))) -> 1 | M67: 46201 | N67: 46202 | O67: Hoàn tất | P67: Hoàn tất | Q67: Hoàn tất | R67: Hoàn tất | S67: cargo test --workspace
A68: T63 | B68: 7 | C68: API nghiệp vụ | D68: routes/graph.rs GET graph (ACL-filtered source docs) + test | E68: Hoàn thành theo TDD: routes/graph.rs GET graph (ACL-filtered source docs) + test | F68: backend/crates/api/src/routes | G68: Backend API | H68: P1 - Cao | I68: T62 | J68: Backend Dev | K68: Hoàn thành | L68: =IF(K68="Hoàn thành",1,IF(K68="Đang làm",0.5,IF(K68="Rủi ro",0.25,IF(K68="Tạm dừng",0.1,0)))) -> 1 | M68: 46201 | N68: 46202 | O68: Hoàn tất | P68: Hoàn tất | Q68: Hoàn tất | R68: Hoàn tất | S68: cargo test --workspace
A69: T64 | B69: 8 | C69: Phân quyền tài nguyên | D69: Migration rebac_relation_tuples: gán ngữ nghĩa quan hệ cho resource_acl.permission (owner|editor|viewer) + principal_type {user,workspace} + index phủ check; reconcile mismatch resources/subject_user_id + schema tests | E69: Hoàn thành theo TDD: Migration rebac_relation_tuples: gán ngữ nghĩa quan hệ cho resource_acl.permission (owner|editor|viewer) + principal_type {user,workspace} + index phủ check; reconcile mismatch resources/subject_user_id + schema tests | F69: backend/migrations + crates/api/src/rbac | G69: Phân quyền | H69: P0 - Chặn đường găng | I69: T52-T63 | J69: Backend Dev | K69: Hoàn thành | L69: =IF(K69="Hoàn thành",1,IF(K69="Đang làm",0.5,IF(K69="Rủi ro",0.25,IF(K69="Tạm dừng",0.1,0)))) -> 1 | M69: 46200 | N69: 46201 | O69: Hoàn tất | P69: Hoàn tất | Q69: Hoàn tất | R69: Hoàn tất | S69: cargo test --workspace | T69: ReBAC Zanzibar (docs/5068.pdf). Engine đã hiện thực theo TDD + test xanh; chi tiết docs/progress/T64.md.
A70: T65 | B70: 8 | C70: Phân quyền tài nguyên | D70: rbac/model.rs: relation-tuple types + namespace config (document/chat_session/workspace) + userset-rewrite (concentric + tuple_to_userset) + unit tests | E70: Hoàn thành theo TDD: rbac/model.rs: relation-tuple types + namespace config (document/chat_session/workspace) + userset-rewrite (concentric + tuple_to_userset) + unit tests | F70: backend/crates/api/src/rbac | G70: Phân quyền | H70: P1 - Cao | I70: T64 | J70: Backend Dev | K70: Hoàn thành | L70: =IF(K70="Hoàn thành",1,IF(K70="Đang làm",0.5,IF(K70="Rủi ro",0.25,IF(K70="Tạm dừng",0.1,0)))) -> 1 | M70: 46200 | N70: 46201 | O70: Hoàn tất | P70: Hoàn tất | Q70: Hoàn tất | R70: Hoàn tất | S70: cargo test --workspace | T70: Thay framing role-hierarchy bằng quan hệ đồng tâm viewer⊇editor⊇owner. Xem docs/progress/T65.md.
A71: T66 | B71: 8 | C71: Phân quyền tài nguyên | D71: rbac/check.rs: check_relation(tenant,object,relation,principal) đệ quy chặn độ sâu trên resource_acl + workspace_members + owner_id (RLS-scoped) + test matrix | E71: Hoàn thành theo TDD: rbac/check.rs: check_relation(tenant,object,relation,principal) đệ quy chặn độ sâu trên resource_acl + workspace_members + owner_id (RLS-scoped) + test matrix | F71: backend/crates/api/src/rbac | G71: Backend API | H71: P1 - Cao | I71: T65 | J71: Backend Dev | K71: Hoàn thành | L71: =IF(K71="Hoàn thành",1,IF(K71="Đang làm",0.5,IF(K71="Rủi ro",0.25,IF(K71="Tạm dừng",0.1,0)))) -> 1 | M71: 46201 | N71: 46202 | O71: Hoàn tất | P71: Hoàn tất | Q71: Hoàn tất | R71: Hoàn tất | S71: cargo test --workspace | T71: Check chạy trong cùng RLS transaction → không stale-ACL. Xem docs/progress/T66.md.
A72: T67 | B72: 8 | C72: Phân quyền tài nguyên | D72: routes/acl.rs: list/create/revoke grants (relation tuples) + audit_log + self-guard (chỉ owner mới share) + tests | E72: Hoàn thành theo TDD: routes/acl.rs: list/create/revoke grants (relation tuples) + audit_log + self-guard (chỉ owner mới share) + tests | F72: backend/crates/api/src/routes | G72: Backend API | H72: P2 - Trung bình | I72: T66 | J72: Backend Dev | K72: Hoàn thành | L72: =IF(K72="Hoàn thành",1,IF(K72="Đang làm",0.5,IF(K72="Rủi ro",0.25,IF(K72="Tạm dừng",0.1,0)))) -> 1 | M72: 46201 | N72: 46202 | O72: Hoàn tất | P72: Hoàn tất | Q72: Hoàn tất | R72: Hoàn tất | S72: cargo test --workspace | T72: Engine đã hiện thực + test xanh. Xem docs/progress/T67.md.
A73: T68 | B73: 8 | C73: Phân quyền tài nguyên | D73: routes/settings.rs GET/PUT BYOK config (encrypt on write) + test | E73: Hoàn thành theo TDD: routes/settings.rs GET/PUT BYOK config (encrypt on write) + test | F73: backend/crates/api/src/rbac + routes | G73: Backend API | H73: P1 - Cao | I73: T67 | J73: Backend Dev | K73: Hoàn thành | L73: =IF(K73="Hoàn thành",1,IF(K73="Đang làm",0.5,IF(K73="Rủi ro",0.25,IF(K73="Tạm dừng",0.1,0)))) -> 1 | M73: 46202 | N73: 46203 | O73: Hoàn tất | P73: Hoàn tất | Q73: Hoàn tất | R73: Hoàn tất | S73: cargo test --workspace
A74: T69 | B74: 8 | C74: Phân quyền tài nguyên | D74: routes/metering.rs GET usage + quota + audit + test | E74: Hoàn thành theo TDD: routes/metering.rs GET usage + quota + audit + test | F74: backend/crates/api/src/rbac + routes | G74: Backend API | H74: P2 - Trung bình | I74: T68 | J74: Backend Dev | K74: Hoàn thành | L74: =IF(K74="Hoàn thành",1,IF(K74="Đang làm",0.5,IF(K74="Rủi ro",0.25,IF(K74="Tạm dừng",0.1,0)))) -> 1 | M74: 46202 | N74: 46203 | O74: Hoàn tất | P74: Hoàn tất | Q74: Hoàn tất | R74: Hoàn tất | S74: cargo test --workspace
A75: T70 | B75: 9 | C75: Frontend | D75: Frontend foundation: Next.js 16 App Router, root layout, dev shell, providers (QueryClientProvider, theme/toast), shadcn/ui init, Auth.js v5 Keycloak | E75: Frontend: Next.js 16 + App Router + QueryClientProvider + shadcn/ui + Auth.js Keycloak + root layout + development shell | F75: frontend/src/app + src/lib/query + src/components/ui | G75: Frontend | H75: P1 - Cao | I75: T84A, T84B, T84C | J75: Frontend Dev | K75: Chưa bắt đầu | L75: =IF(K75="Hoàn thành",1,IF(K75="Đang làm",0.5,IF(K75="Rủi ro",0.25,IF(K75="Tạm dừng",0.1,0)))) -> 0 | M75: 46199 | N75: 46200 | O75: Chưa | P75: Chưa | Q75: Chưa | R75: Chưa | S75: pnpm lint + pnpm typecheck; Auth.js login smoke; shadcn render smoke | T75: Pre-batch đã nâng frontend lên Next.js 16.2.9, cài keycloak-js, next-auth@beta, thêm NEXT_PUBLIC_TENANT_HEADER. Task frontend auth nên dùng baseline này, không quay về giả định Next 15/Auth lib chưa chọn. T84A/B/C = OpenAPI (T84A), API contract audit (T84B), architecture audit (T84C) — progress docs; không phải ID workbook mới. Stack khóa trong docs/FRONTEND_ARCHITECTURE.md.
A76: T71 | B76: 9 | C76: Frontend | D76: API layer: openapi-typescript + openapi-fetch — generate schema.d.ts từ /openapi.json; auth headers; X-Tenant-ID injection; HTTP error envelope { error: { code, message } } parse | E76: Frontend: openapi-typescript + openapi-fetch + generated types + headers/errors helpers (per FRONTEND_ARCHITECTURE.md#API Client) | F76: frontend/src/lib/api/ | G76: Frontend | H76: P1 - Cao | I76: T70 | J76: Frontend Dev | K76: Chưa bắt đầu | L76: =IF(K76="Hoàn thành",1,IF(K76="Đang làm",0.5,IF(K76="Rủi ro",0.25,IF(K76="Tạm dừng",0.1,0)))) -> 0 | M76: 46199 | N76: 46200 | O76: Chưa | P76: Chưa | Q76: Chưa | R76: Chưa | S76: pnpm openapi:generate + pnpm typecheck
A77: T72 | B77: 9 | C77: Frontend | D77: Tenant context: active tenant, persistence (gmrag:activeTenantId localStorage + Zustand), tenant switching | E77: Frontend: tenant bootstrap via GET /users/me; active tenant state; switch tenant | F77: frontend/src/lib/store/ + tenant selection routes | G77: Frontend | H77: P1 - Cao | I77: T71 | J77: Frontend Dev | K77: Chưa bắt đầu | L77: =IF(K77="Hoàn thành",1,IF(K77="Đang làm",0.5,IF(K77="Rủi ro",0.25,IF(K77="Tạm dừng",0.1,0)))) -> 0 | M77: 46200 | N77: 46201 | O77: Chưa | P77: Chưa | Q77: Chưa | R77: Chưa | S77: pnpm test hoặc pnpm lint
A78: T73 | B78: 9 | C78: Frontend | D78: Application shell: Next.js middleware protected routes, tenant layout /t/[tid]/, workspace layout, sidebar navigation, TenantSwitcher | E78: Frontend: auth middleware + tenant/workspace layouts + sidebar + TenantSwitcher (not sample layout only) | F78: frontend/src/app/ | G78: Frontend | H78: P1 - Cao | I78: T72 | J78: Frontend Dev | K78: Chưa bắt đầu | L78: =IF(K78="Hoàn thành",1,IF(K78="Đang làm",0.5,IF(K78="Rủi ro",0.25,IF(K78="Tạm dừng",0.1,0)))) -> 0 | M78: 46200 | N78: 46201 | O78: Chưa | P78: Chưa | Q78: Chưa | R78: Chưa | S78: pnpm test hoặc pnpm lint
A79: T74 | B79: 9 | C79: Frontend | D79: Generated SDK integration: typed openapi-fetch client, thin domain wrappers, React Query keys/helpers, POST-SSE wrapper (sse.ts), multipart upload wrapper (upload.ts) | E79: Frontend: generated client + domain modules (tenants/workspaces/documents/chat/settings/metering) + query helpers + sse.ts + upload.ts | F79: frontend/src/lib/ | G79: Frontend | H79: P1 - Cao | I79: T73 | J79: Frontend Dev | K79: Chưa bắt đầu | L79: =IF(K79="Hoàn thành",1,IF(K79="Đang làm",0.5,IF(K79="Rủi ro",0.25,IF(K79="Tạm dừng",0.1,0)))) -> 0 | M79: 46201 | N79: 46202 | O79: Chưa | P79: Chưa | Q79: Chưa | R79: Chưa | S79: pnpm test hoặc pnpm lint
A80: T75 | B80: 9 | C80: Frontend | D80: Documents & ACL UI: mount AclShareDialog (T84) trên document/chat; UploadDropzone; document status polling (React Query); permission UI | E80: Frontend: wire T84 AclShareDialog + UploadDropzone + status polling + permission UI | F80: frontend/src/features/documents + components/ | G80: Frontend | H80: P2 - Trung bình | I80: T74 | J80: Frontend Dev | K80: Chưa bắt đầu | L80: =IF(K80="Hoàn thành",1,IF(K80="Đang làm",0.5,IF(K80="Rủi ro",0.25,IF(K80="Tạm dừng",0.1,0)))) -> 0 | M80: 46201 | N80: 46202 | O80: Chưa | P80: Chưa | Q80: Chưa | R80: Chưa | S80: pnpm test hoặc pnpm lint
A81: T76 | B81: 9 | C81: Frontend | D81: Streaming chat UI: POST-SSE via @microsoft/fetch-event-source, AbortController, citation rendering, chat session handling | E81: Frontend: ChatPanel — POST-SSE events (text|citation|citation_unknown|done|error), AbortController, session CRUD | F81: frontend/src/features/chat/ | G81: Frontend | H81: P2 - Trung bình | I81: T75 | J81: Frontend Dev | K81: Chưa bắt đầu | L81: =IF(K81="Hoàn thành",1,IF(K81="Đang làm",0.5,IF(K81="Rủi ro",0.25,IF(K81="Tạm dừng",0.1,0)))) -> 0 | M81: 46202 | N81: 46203 | O81: Chưa | P81: Chưa | Q81: Chưa | R81: Chưa | S81: Manual POST-SSE test (Authorization + X-Tenant-ID headers); pnpm typecheck
A82: T77 | B82: 9 | C82: Frontend | D82: Design system primitives: QuotaIndicator, StatusBadge, CitationCard, EmptyState, ErrorState, LlmSettingsForm (+ shadcn base components) | E82: Frontend: shared UI primitives for quota, ingestion status, citations, empty/error states, LLM settings | F82: frontend/src/components/ui + src/components/ | G82: Frontend | H82: P2 - Trung bình | I82: T76 | J82: Frontend Dev | K82: Chưa bắt đầu | L82: =IF(K82="Hoàn thành",1,IF(K82="Đang làm",0.5,IF(K82="Rủi ro",0.25,IF(K82="Tạm dừng",0.1,0)))) -> 0 | M82: 46202 | N82: 46203 | O82: Chưa | P82: Chưa | Q82: Chưa | R82: Chưa | S82: pnpm test hoặc pnpm lint
A83: T78 | B83: 10 | C83: Kiểm thử & vận hành | D83: E2E integration test (OpenAPI contract + frontend flow): login → select tenant → upload → poll ingest status → chat stream → verify citation → ACL share | E83: Kiểm thử & vận hành: E2E full flow theo OpenAPI contract + frontend (Playwright): login/tenant/upload/poll/chat/citation/ACL | F83: infra + test suites + scripts | G83: Vận hành/QA | H83: P0 - Chặn đường găng | I83: T1-T77 | J83: PM | K83: Chưa bắt đầu | L83: =IF(K83="Hoàn thành",1,IF(K83="Đang làm",0.5,IF(K83="Rủi ro",0.25,IF(K83="Tạm dừng",0.1,0)))) -> 0 | M83: 46202 | N83: 46203 | O83: Chưa | P83: Chưa | Q83: Chưa | R83: Chưa | S83: Playwright E2E + cargo test --workspace; validate against OpenAPI contract
A84: T79 | B84: 10 | C84: Kiểm thử & vận hành | D84: RLS pentest + ReBAC validation: negative tests cross-tenant leak; share→access, revoke→denied, workspace inheritance (bổ sung tests/rebac_e2e.rs T85) | E84: Kiểm thử & vận hành: RLS pentest cross-tenant + ReBAC validation (share/revoke/inheritance); 403/empty/404 semantics | F84: infra + test suites + scripts | G84: Vận hành/QA | H84: P0 - Chặn đường găng | I84: T78 | J84: Backend Dev | K84: Chưa bắt đầu | L84: =IF(K84="Hoàn thành",1,IF(K84="Đang làm",0.5,IF(K84="Rủi ro",0.25,IF(K84="Tạm dừng",0.1,0)))) -> 0 | M84: 46202 | N84: 46203 | O84: Chưa | P84: Chưa | Q84: Chưa | R84: Chưa | S84: cargo test --workspace + kịch bản E2E
A85: T80 | B85: 10 | C85: Kiểm thử & vận hành | D85: Quota enforcement test (vượt → 429) | E85: Kiểm thử & vận hành: Quota enforcement test (vượt → 429) | F85: infra + test suites + scripts | G85: Vận hành/QA | H85: P1 - Cao | I85: T79 | J85: Backend Dev | K85: Chưa bắt đầu | L85: =IF(K85="Hoàn thành",1,IF(K85="Đang làm",0.5,IF(K85="Rủi ro",0.25,IF(K85="Tạm dừng",0.1,0)))) -> 0 | M85: 46202 | N85: 46203 | O85: Chưa | P85: Chưa | Q85: Chưa | R85: Chưa | S85: cargo test --workspace + kịch bản E2E
A86: T81 | B86: 10 | C86: Kiểm thử & vận hành | D86: docker-compose full-stack smoke test: frontend + backend + worker + postgres + qdrant + keycloak (+ minio/redis/ollama) + README deploy guide | E86: Kiểm thử & vận hành: docker-compose full-stack smoke (frontend container + backend + postgres + qdrant + keycloak) + README deploy guide | F86: infra + test suites + scripts | G86: Vận hành/QA | H86: P0 - Chặn đường găng | I86: T80 | J86: PM | K86: Chưa bắt đầu | L86: =IF(K86="Hoàn thành",1,IF(K86="Đang làm",0.5,IF(K86="Rủi ro",0.25,IF(K86="Tạm dừng",0.1,0)))) -> 0 | M86: 46203 | N86: 46203 | O86: Chưa | P86: Chưa | Q86: Chưa | R86: Chưa | S86: docker compose up --build && smoke test | T86: Full-stack smoke test cần giữ các thay đổi ngoài plan từ pre-batch: healthcheck Qdrant/Ollama dùng bash /dev/tcp, backend/worker image Rust dùng rust:slim-bookworm; verify 9/9 services healthy theo compose hiện tại (gồm frontend container). Recovery entry point cho T82.
A87: T82 | B87: 10 | C87: Kiểm thử & vận hành | D87: Qdrant snapshot backup script + Postgres pg_dump per-tenant script + recovery documentation (restore runbook) | E87: Kiểm thử & vận hành: Qdrant snapshot + Postgres pg_dump per-tenant + recovery documentation (restore procedure) | F87: infra + test suites + scripts | G87: Vận hành/QA | H87: P2 - Trung bình | I87: T81 | J87: Backend Dev | K87: Chưa bắt đầu | L87: =IF(K87="Hoàn thành",1,IF(K87="Đang làm",0.5,IF(K87="Rủi ro",0.25,IF(K87="Tạm dừng",0.1,0)))) -> 0 | M87: 46203 | N87: 46203 | O87: Chưa | P87: Chưa | Q87: Chưa | R87: Chưa | S87: cargo test --workspace + kịch bản E2E | T87: Document restore/runbook alongside scripts
A88: T83 | B88: 8 | C88: Phân quyền tài nguyên | D88: Tích hợp check_relation vào read paths: thay ACL SQL inline trong routes/documents.rs (list/preview/delete); chat.rs (T61/T62) + graph.rs (T63) khi land; regression tests | E88: Hoàn thành theo TDD: Tích hợp check_relation vào read paths: thay ACL SQL inline trong routes/documents.rs (list/preview/delete); chat.rs (T61/T62) + graph.rs (T63) khi land; regression tests | F88: backend/crates/api/src/routes + rbac | G88: Backend API | H88: P1 - Cao | I88: T66, T60 | J88: Backend Dev | K88: Hoàn thành | L88: =IF(K88="Hoàn thành",1,IF(K88="Đang làm",0.5,IF(K88="Rủi ro",0.25,IF(K88="Tạm dừng",0.1,0)))) -> 1 | M88: 46202 | N88: 46202 | O88: Hoàn tất | P88: Hoàn tất | Q88: Hoàn tất | R88: Hoàn tất | S88: cargo test -p gmrag-api | T88: documents.rs đã tích hợp + test xanh; chat/graph chờ T61-T63. Xem docs/progress/T83.md.
A89: T84 | B89: 9 | C89: Frontend | D89: Frontend AclShareDialog + lib/acl.ts: grant/revoke vai trò theo file & chat session, wiring tới routes/acl.rs | E89: Hoàn thành theo TDD: Frontend AclShareDialog + lib/acl.ts: grant/revoke vai trò theo file & chat session, wiring tới routes/acl.rs | F89: frontend/components + frontend/lib | G89: Frontend | H89: P2 - Trung bình | I89: T67, T75 | J89: Frontend Dev | K89: Hoàn thành | L89: =IF(K89="Hoàn thành",1,IF(K89="Đang làm",0.5,IF(K89="Rủi ro",0.25,IF(K89="Tạm dừng",0.1,0)))) -> 1 | M89: 46202 | N89: 46202 | O89: Hoàn tất | P89: Hoàn tất | Q89: Hoàn tất | R89: Hoàn tất | S89: tsc --noEmit + next lint | T89: Component + client đã tạo, type-check sạch; mount khi FE baseline (T70+) land. Xem docs/progress/T84.md.
A90: T85 | B90: 10 | C90: Kiểm thử & vận hành | D90: ReBAC E2E + negative pentest: share→access, revoke→denied, cross-tenant tuple denied, workspace inheritance; mở rộng T78/T79 | E90: Hoàn thành theo TDD: ReBAC E2E + negative pentest: share→access, revoke→denied, cross-tenant tuple denied, workspace inheritance; mở rộng T78/T79 | F90: backend/crates/api/tests + frontend e2e | G90: Vận hành/QA | H90: P1 - Cao | I90: T83, T84 | J90: Backend Dev | K90: Hoàn thành | L90: =IF(K90="Hoàn thành",1,IF(K90="Đang làm",0.5,IF(K90="Rủi ro",0.25,IF(K90="Tạm dừng",0.1,0)))) -> 1 | M90: 46203 | N90: 46203 | O90: Hoàn tất | P90: Hoàn tất | Q90: Hoàn tất | R90: Hoàn tất | S90: cargo test -p gmrag-api + kịch bản E2E | T90: Backend E2E/pentest 5 test xanh; FE-E2E nối tiếp T78/T79. Xem docs/progress/T85.md.

Sheet Timeline 2 tuần
A1: TIMELINE 2 TUẦN
A2: Kế hoạch được nén trong 14 ngày từ 17/06/2026 đến 30/06/2026. Các sprint bên dưới là sprint gốc/luồng phạm vi từ plan ban đầu.
A4: Sprint gốc | B4: Tên luồng | C4: Nhóm | D4: Số task | E4: Hoàn thành | F4: Đang làm | G4: Rủi ro | H4: % hoàn thành | I4: Bắt đầu | J4: Kết thúc | K4: Đầu ra chính | L4: Ngày 1 17/06 | M4: Ngày 2 18/06 | N4: Ngày 3 19/06 | O4: Ngày 4 20/06 | P4: Ngày 5 21/06 | Q4: Ngày 6 22/06 | R4: Ngày 7 23/06 | S4: Ngày 8 24/06 | T4: Ngày 9 25/06 | U4: Ngày 10 26/06 | V4: Ngày 11 27/06 | W4: Ngày 12 28/06 | X4: Ngày 13 29/06 | Y4: Ngày 14 30/06
A5: 1 | B5: Hạ tầng & khởi tạo monorepo | C5: Hạ tầng | D5: =COUNTIF('Kế hoạch Task'!$B$6:$B$90,A5) -> 8 | E5: =COUNTIFS('Kế hoạch Task'!$B$6:$B$90,A5,'Kế hoạch Task'!$K$6:$K$90,"Hoàn thành") -> 8 | F5: =COUNTIFS('Kế hoạch Task'!$B$6:$B$90,A5,'Kế hoạch Task'!$K$6:$K$90,"Đang làm") -> 0 | G5: =COUNTIFS('Kế hoạch Task'!$B$6:$B$90,A5,'Kế hoạch Task'!$K$6:$K$90,"Rủi ro") -> 0 | H5: =IF(D5=0,0,E5/D5) -> 1 | I5: 46190 | J5: 46191 | K5: Repo gmrag2, infra 9 services gồm Keycloak, Rust workspace, API health, frontend trang trống. | L5: ■ | M5: ■
A6: 2 | B6: Xác thực & ngữ cảnh tenant | C6: Định danh & Tenant | D6: =COUNTIF('Kế hoạch Task'!$B$6:$B$90,A6) -> 10 | E6: =COUNTIFS('Kế hoạch Task'!$B$6:$B$90,A6,'Kế hoạch Task'!$K$6:$K$90,"Hoàn thành") -> 10 | F6: =COUNTIFS('Kế hoạch Task'!$B$6:$B$90,A6,'Kế hoạch Task'!$K$6:$K$90,"Đang làm") -> 0 | G6: =COUNTIFS('Kế hoạch Task'!$B$6:$B$90,A6,'Kế hoạch Task'!$K$6:$K$90,"Rủi ro") -> 0 | H6: =IF(D6=0,0,E6/D6) -> 1 | I6: 46191 | J6: 46193 | K6: AuthUser từ Keycloak JWT, TenantContext, RLS cơ bản, provision user on first login, envelope lỗi. | M6: ■ | N6: ■ | O6: ■
A7: 3 | B7: Lược đồ dữ liệu & RLS đầy đủ | C7: Cơ sở dữ liệu | D7: =COUNTIF('Kế hoạch Task'!$B$6:$B$90,A7) -> 8 | E7: =COUNTIFS('Kế hoạch Task'!$B$6:$B$90,A7,'Kế hoạch Task'!$K$6:$K$90,"Hoàn thành") -> 8 | F7: =COUNTIFS('Kế hoạch Task'!$B$6:$B$90,A7,'Kế hoạch Task'!$K$6:$K$90,"Đang làm") -> 0 | G7: =COUNTIFS('Kế hoạch Task'!$B$6:$B$90,A7,'Kế hoạch Task'!$K$6:$K$90,"Rủi ro") -> 0 | H7: =IF(D7=0,0,E7/D7) -> 1 | I7: 46193 | J7: 46194 | K7: Migrations chính, seed script, test cô lập tenant âm tính. | O7: ■ | P7: ■
A8: 4 | B8: Tích hợp Qdrant | C8: Vector DB | D8: =COUNTIF('Kế hoạch Task'!$B$6:$B$90,A8) -> 7 | E8: =COUNTIFS('Kế hoạch Task'!$B$6:$B$90,A8,'Kế hoạch Task'!$K$6:$K$90,"Hoàn thành") -> 7 | F8: =COUNTIFS('Kế hoạch Task'!$B$6:$B$90,A8,'Kế hoạch Task'!$K$6:$K$90,"Đang làm") -> 0 | G8: =COUNTIFS('Kế hoạch Task'!$B$6:$B$90,A8,'Kế hoạch Task'!$K$6:$K$90,"Rủi ro") -> 0 | H8: =IF(D8=0,0,E8/D8) -> 1 | I8: 46194 | J8: 46195 | K8: QdrantStore wrapper, lifecycle collection, upsert/search chunks và graph. | P8: ■ | Q8: ■
A9: 5 | B9: Worker & pipeline ingestion | C9: Worker ingestion | D9: =COUNTIF('Kế hoạch Task'!$B$6:$B$90,A9) -> 10 | E9: =COUNTIFS('Kế hoạch Task'!$B$6:$B$90,A9,'Kế hoạch Task'!$K$6:$K$90,"Hoàn thành") -> 10 | F9: =COUNTIFS('Kế hoạch Task'!$B$6:$B$90,A9,'Kế hoạch Task'!$K$6:$K$90,"Đang làm") -> 0 | G9: =COUNTIFS('Kế hoạch Task'!$B$6:$B$90,A9,'Kế hoạch Task'!$K$6:$K$90,"Rủi ro") -> 0 | H9: =IF(D9=0,0,E9/D9) -> 1 | I9: 46195 | J9: 46197 | K9: Worker crate, S3, parser/OCR, chunking, embedding, graph extract, retry. | Q9: ■ | R9: ■ | S9: ■
A10: 6 | B10: Truy xuất RAG & LLM | C10: RAG & LLM | D10: =COUNTIF('Kế hoạch Task'!$B$6:$B$90,A10) -> 8 | E10: =COUNTIFS('Kế hoạch Task'!$B$6:$B$90,A10,'Kế hoạch Task'!$K$6:$K$90,"Hoàn thành") -> 8 | F10: =COUNTIFS('Kế hoạch Task'!$B$6:$B$90,A10,'Kế hoạch Task'!$K$6:$K$90,"Đang làm") -> 0 | G10: =COUNTIFS('Kế hoạch Task'!$B$6:$B$90,A10,'Kế hoạch Task'!$K$6:$K$90,"Rủi ro") -> 0 | H10: =IF(D10=0,0,E10/D10) -> 1 | I10: 46197 | J10: 46199 | K10: Provider trait, BYOK decrypt, retrieval chunks/graph, DeepSeek SSE, metering. | S10: ■ | T10: ■ | U10: ■
A11: 7 | B11: API tenant-scoped | C11: API nghiệp vụ | D11: =COUNTIF('Kế hoạch Task'!$B$6:$B$90,A11) -> 12 | E11: =COUNTIFS('Kế hoạch Task'!$B$6:$B$90,A11,'Kế hoạch Task'!$K$6:$K$90,"Hoàn thành") -> 12 | F11: =COUNTIFS('Kế hoạch Task'!$B$6:$B$90,A11,'Kế hoạch Task'!$K$6:$K$90,"Đang làm") -> 0 | G11: =COUNTIFS('Kế hoạch Task'!$B$6:$B$90,A11,'Kế hoạch Task'!$K$6:$K$90,"Rủi ro") -> 0 | H11: =IF(D11=0,0,E11/D11) -> 1 | I11: 46198 | J11: 46201 | K11: CRUD tenant/workspace/document/chat/graph, upload, enqueue, ACL filter. | T11: ■ | U11: ■ | V11: ■ | W11: ■
A12: 8 | B12: ResourceBAC & route ACL | C12: Phân quyền tài nguyên | D12: =COUNTIF('Kế hoạch Task'!$B$6:$B$90,A12) -> 7 | E12: =COUNTIFS('Kế hoạch Task'!$B$6:$B$90,A12,'Kế hoạch Task'!$K$6:$K$90,"Hoàn thành") -> 7 | F12: =COUNTIFS('Kế hoạch Task'!$B$6:$B$90,A12,'Kế hoạch Task'!$K$6:$K$90,"Đang làm") -> 0 | G12: =COUNTIFS('Kế hoạch Task'!$B$6:$B$90,A12,'Kế hoạch Task'!$K$6:$K$90,"Rủi ro") -> 0 | H12: =IF(D12=0,0,E12/D12) -> 1 | I12: 46200 | J12: 46202 | K12: check_permission, role hierarchy, grants, audit log, BYOK settings, usage. | V12: ■ | W12: ■ | X12: ■
A13: 9 | B13: Khung Frontend | C13: Frontend | D13: =COUNTIF('Kế hoạch Task'!$B$6:$B$90,A13) -> 9 | E13: =COUNTIFS('Kế hoạch Task'!$B$6:$B$90,A13,'Kế hoạch Task'!$K$6:$K$90,"Hoàn thành") -> 1 | F13: =COUNTIFS('Kế hoạch Task'!$B$6:$B$90,A13,'Kế hoạch Task'!$K$6:$K$90,"Đang làm") -> 0 | G13: =COUNTIFS('Kế hoạch Task'!$B$6:$B$90,A13,'Kế hoạch Task'!$K$6:$K$90,"Rủi ro") -> 0 | H13: =IF(D13=0,0,E13/D13) -> 0.11111111 | I13: 46199 | J13: 46202 | K13: Auth.js Keycloak provider, layout tenant/workspace, client wrappers, ChatPanel skeleton. | U13: ■ | V13: ■ | W13: ■ | X13: ■
A14: 10 | B14: Gia cố, kiểm thử & vận hành | C14: Kiểm thử & vận hành | D14: =COUNTIF('Kế hoạch Task'!$B$6:$B$90,A14) -> 6 | E14: =COUNTIFS('Kế hoạch Task'!$B$6:$B$90,A14,'Kế hoạch Task'!$K$6:$K$90,"Hoàn thành") -> 1 | F14: =COUNTIFS('Kế hoạch Task'!$B$6:$B$90,A14,'Kế hoạch Task'!$K$6:$K$90,"Đang làm") -> 0 | G14: =COUNTIFS('Kế hoạch Task'!$B$6:$B$90,A14,'Kế hoạch Task'!$K$6:$K$90,"Rủi ro") -> 0 | H14: =IF(D14=0,0,E14/D14) -> 0.16666667 | I14: 46202 | J14: 46203 | K14: E2E pass, negative isolation pass, README deploy, Qdrant/Postgres backup. | X14: ■ | Y14: ■

Sheet Rủi ro & Quyết định
A1: RỦI RO & QUYẾT ĐỊNH
A2: Tổng hợp quyết định kiến trúc và rủi ro cần quản trị trong quá trình build từ đầu.
A4: Quyết định kiến trúc
A5: ID | B5: Chủ đề | C5: Quyết định | D5: Lý do | E5: Tác động quản lý | F5: Sở hữu | G5: Ngày | H5: Trạng thái | I5: Liên quan | J5: Ghi chú
A6: D1 | B6: Định danh | C6: Keycloak self-host làm AuthN/OIDC; tenants vẫn DB-managed | D6: Bắt buộc self-host và vẫn giữ kiểm soát tenant/RLS trong DB | E6: Cần vận hành realm, client, redirect URI, SMTP/backup | F6: Backend Dev | G6: 46190 | H6: Đã chốt | I6: Sprint 1, 2, 9
A7: D2 | B7: Cô lập tenant | C7: TenantContext + SET LOCAL app.tenant_id + RLS | D7: Cô lập tenant ở DB | E7: Mọi query phải theo transaction context | F7: Backend Dev | G7: 46190 | H7: Đã chốt | I7: Sprint 2-3
A8: D3 | B8: Vector DB | C8: Qdrant collection-per-tenant | D8: Tách dữ liệu vector thật theo tenant | E8: Cần lifecycle tạo/xóa collection | F8: Backend Dev | G8: 46190 | H8: Đã chốt | I8: Sprint 4
A9: D4 | B9: Ingestion | C9: Redis + worker riêng | D9: Không block API, có retry/backoff | E9: Thêm độ phức tạp deploy | F9: Backend Dev | G9: 46190 | H9: Đã chốt | I9: Sprint 5
A10: D5 | B10: Embedding | C10: Ollama nomic-embed-text 768 mặc định; BYOK OpenAI tùy tenant | D10: Giảm chi phí mặc định, vẫn mở rộng | E10: Cần re-embed khi đổi dimension | F10: Backend Dev | G10: 46190 | H10: Đã chốt | I10: Sprint 5-6
A11: D6 | B11: Lưu trữ | C11: MinIO S3-compatible, không dùng local FS | D11: Dễ deploy và backup | E11: Cần init bucket và quy ước key | F11: Backend Dev | G11: 46190 | H11: Đã chốt | I11: Sprint 1, 5
A12: D7 | B12: Phân quyền tài nguyên (ReBAC) | C12: Zanzibar-style ReBAC native trên resource_acl (docs/5068.pdf); loại OPA/Rego + engine ngoài (OpenFGA/SpiceDB) | D12: Owner/editor/viewer + workspace-as-group + kế thừa đúng sweet-spot ReBAC; resource_acl đã là relation-tuple store; check chạy trong cùng RLS tx (không stale-ACL); không thêm service thứ 10 | E12: Cần namespace config + bounded check; MVP chỉ Check API (không zookies/Leopard/Expand); thêm cache nếu fan-out lớn
A14: Ma trận rủi ro
A15: ID | B15: Rủi ro | C15: Xác suất | D15: Ảnh hưởng | E15: Điểm | F15: Phương án giảm thiểu | G15: Chủ sở hữu | H15: Trạng thái | I15: Sprint liên quan | J15: Cập nhật mới nhất
A16: R1 | B16: Keycloak self-host tăng việc vận hành auth trong lịch 2 tuần | C16: Cao | D16: Cao | E16: =IF(C16="Cao",3,IF(C16="Trung bình",2,1))*IF(D16="Cao",3,IF(D16="Trung bình",2,1)) -> 9 | F16: Dùng 1 realm, 1 client, OIDC chuẩn; provision user on first login; giữ tenant/role/ACL trong DB | G16: Backend Dev | H16: Mở | I16: 1, 2, 9
A17: R2 | B17: Redis + worker làm tăng độ phức tạp deploy | C17: Trung bình | D17: Trung bình | E17: =IF(C17="Cao",3,IF(C17="Trung bình",2,1))*IF(D17="Cao",3,IF(D17="Trung bình",2,1)) -> 4 | F17: Healthcheck rõ, retry/backoff, README smoke test docker | G17: Backend Dev | H17: Mở | I17: 1, 5, 10
A18: R3 | B18: Collection-per-tenant có thể chạm giới hạn khi >10k tenant/node | C18: Thấp | D18: Cao | E18: =IF(C18="Cao",3,IF(C18="Trung bình",2,1))*IF(D18="Cao",3,IF(D18="Trung bình",2,1)) -> 3 | F18: Ghi rõ ngưỡng trong README; sharding cluster nằm ngoài MVP | G18: Backend Dev | H18: Chấp nhận | I18: 4, 10
A19: R4 | B19: Plan lớn trong 2 tuần, dễ mất nhịp TDD hoặc commit gộp | C19: Cao | D19: Cao | E19: =IF(C19="Cao",3,IF(C19="Trung bình",2,1))*IF(D19="Cao",3,IF(D19="Trung bình",2,1)) -> 9 | F19: Chạy theo sprint/task, commit riêng, dùng dashboard để khóa tiến độ và cắt scope nếu cần | G19: PM | H19: Mở | I19: Tất cả
A20: R5 | B20: Sai context tenant dẫn tới rò rỉ dữ liệu | C20: Trung bình | D20: Cao | E20: =IF(C20="Cao",3,IF(C20="Trung bình",2,1))*IF(D20="Cao",3,IF(D20="Trung bình",2,1)) -> 6 | F20: Negative test RLS, không bypass TenantContext, rà soát SQL có tenant_id | G20: Backend Dev | H20: Mở | I20: 2, 3, 10
A21: R6 | B21: BYOK embedding đổi dimension làm lệch dữ liệu Qdrant | C21: Trung bình | D21: Cao | E21: =IF(C21="Cao",3,IF(C21="Trung bình",2,1))*IF(D21="Cao",3,IF(D21="Trung bình",2,1)) -> 6 | F21: Đánh dấu cần re-embed document khi đổi provider/dimension | G21: Backend Dev | H21: Đang xử lý | I21: 5, 6
A22: R7 | B22: OCR PDF không ổn định trên tài liệu scan | C22: Trung bình | D22: Trung bình | E22: =IF(C22="Cao",3,IF(C22="Trung bình",2,1))*IF(D22="Cao",3,IF(D22="Trung bình",2,1)) -> 4 | F22: Timeout, fallback rõ, sample PDF test, log parser stage | G22: Backend Dev | H22: Mở | I22: 5
A23: R8 | B23: SSE DeepSeek stream/parser lỗi citation | C23: Trung bình | D23: Trung bình | E23: =IF(C23="Cao",3,IF(C23="Trung bình",2,1))*IF(D23="Cao",3,IF(D23="Trung bình",2,1)) -> 4 | F23: Port parser cũ kèm test token/citation | G23: Backend Dev | H23: Mở | I23: 6, 7
A24: R9 | B24: Đệ quy/fan-out của check ReBAC gây chậm khi nhiều grant hoặc nhóm lồng | C24: Thấp | D24: Trung bình | E24: =IF(C24="Cao",3,IF(C24="Trung bình",2,1))*IF(D24="Cao",3,IF(D24="Trung bình",2,1)) -> 2

Sheet RACI
A1: MA TRẬN RACI
A2: Phân vai theo team 3 người. R=Thực hiện, A=Chịu trách nhiệm cuối, C=Tư vấn, I=Cần biết.
A4: Hạng mục | B4: PM | C4: Backend Dev | D4: Frontend Dev | E4: Đầu ra kiểm soát | F4: Sheet theo dõi
A5: Hạ tầng & Monorepo | B5: I | C5: A/R | D5: C | E5: docker-compose, .env, healthcheck | F5: Timeline 2 tuần
A6: Xác thực & Tenant | B6: I | C6: A/R | D6: I | E6: TenantContext, RLS middleware | F6: Kế hoạch Task
A7: Schema & RLS | B7: I | C7: A/R | D7: I | E7: Migrations + negative tests | F7: Kế hoạch Task
A8: Qdrant | B8: I | C8: A/R | D8: I | E8: Collection lifecycle + search | F8: Kế hoạch Task
A9: Worker ingestion | B9: I | C9: A/R | D9: I | E9: PDF/chunk/embed/graph/save | F9: Kế hoạch Task
A10: RAG & LLM | B10: C | C10: A/R | D10: I | E10: Retrieval, prompt, citation, SSE | F10: Kế hoạch Task
A11: API tenant-scoped | B11: C | C11: A/R | D11: C | E11: Tenant-scoped CRUD + ACL | F11: Kế hoạch Task
A12: ResourceBAC & ACL | B12: C | C12: A/R | D12: C | E12: check_permission, grants, audit, BYOK settings | F12: Kế hoạch Task
A13: Khung Frontend | B13: C | C13: C | D13: A/R | E13: Layout, context, clients, mẫu component | F13: Kế hoạch Task
A14: Gia cố & nghiệm thu | B14: A | C14: R | D14: R | E14: E2E, pentest, smoke, backup | F14: Rủi ro & Quyết định

Sheet ResourceBAC
A1: RESOURCEBAC
A2: ReBAC kiểu Zanzibar (docs/5068.pdf) trên resource_acl như relation-tuple store. Ma trận dưới là tập quyền đề xuất; MVP hiện thực owner/editor/viewer (+ member = nhóm workspace).
A4: Ma trận quyền đề xuất | H4: Checklist rà soát T64-T68
A5: Vai trò/quyền | B5: Xem | C5: Bình luận | D5: Sửa | E5: Chia sẻ | F5: Xóa | H5: Mục | I5: Cần kiểm tra | J5: Trạng thái
A6: OWNER | B6: Có | C6: Có | D6: Có | E6: Có | F6: Có | H6: Tenant | I6: Mọi câu SQL có tenant_id hoặc chạy trong RLS context | J6: Hoàn thành
A7: ADMIN | B7: Có | C7: Có | D7: Có | E7: Có | F7: Có điều kiện | H7: Chủ sở hữu | I7: Owner luôn có quyền tối đa trong tài nguyên của mình | J7: Hoàn thành
A8: EDITOR | B8: Có | C8: Có | D8: Có | E8: Không | F8: Không | H8: ACL | I8: Grant theo resource_type/resource_id + principal_type/principal_id (user|workspace) | J8: Hoàn thành
A9: VIEWER | B9: Có | C9: Không | D9: Không | E9: Không | F9: Không | H9: Vai trò | I9: Quan hệ đồng tâm viewer ⊇ editor ⊇ owner + kế thừa workspace.member (userset rewrite) | J9: Hoàn thành
A10: ACL trực tiếp | B10: Theo grant | C10: Theo grant | D10: Theo grant | E10: Theo grant | F10: Không mặc định | H10: Audit | I10: Mọi thay đổi grant ghi audit_log | J10: Hoàn thành
A13: SQL mẫu kiểm tra quyền
A14: -- Mẫu logic cho rbac/check.rs — Zanzibar-style check_relation(object#relation@user). Xem docs/5068.pdf.
A15: -- object = (resource_type:resource_id); relation = resource_acl.permission (owner|editor|viewer);
A16: -- subject principal_type ∈ {user, workspace}. RLS (SET LOCAL app.tenant_id) lo cô lập tenant.
A17: SELECT (
A18: -- owner = cột owner của tài nguyên (documents.owner_id / chat_sessions.user_id)
A19: EXISTS (SELECT 1 FROM documents d WHERE d.id = $resource_id AND d.owner_id = $user)
A20: -- public share (chỉ documents)
A21: OR EXISTS (SELECT 1 FROM documents d WHERE d.id = $resource_id AND d.visibility = 'shared')
A22: -- grant trực tiếp (user) hoặc nhóm (workspace) trong resource_acl
A23: OR EXISTS (SELECT 1 FROM resource_acl a
A24: WHERE a.resource_type = $resource_type AND a.resource_id = $resource_id
... A32: ) AS allowed;

Sheet Thiết lập
A1: THIẾT LẬP & DANH MỤC
A2: Các danh mục dùng cho dropdown và các giả định lịch trình. Có thể sửa để phù hợp đội dự án.
A4: Thông số | B4: Giá trị | D4: Trạng thái | E4: TDD | F4: Ưu tiên | G4: Chủ sở hữu | H4: Mức rủi ro
A5: Ngày bắt đầu | B5: 46190 | D5: Chưa bắt đầu | E5: Chưa | F5: P0 - Chặn đường găng | G5: Backend Dev | H5: Thấp
A6: Ngày kết thúc | B6: 46203 | D6: Đang làm | E6: Đang làm | F6: P1 - Cao | G6: Frontend Dev | H6: Trung bình
A7: Độ dài kế hoạch | B7: 2 tuần / 14 ngày | D7: Rủi ro | E7: Hoàn tất | F7: P2 - Trung bình | G7: PM | H7: Cao
A8: Số luồng sprint gốc | B8: 10 | D8: Tạm dừng | E8: N/A
A9: Số task | B9: 82 | D9: Hoàn thành
A10: Đội thực thi | B10: PM + Backend Dev + Frontend Dev
A13: Tóm tắt kiến trúc từ plan
A14: Chủ đề | B14: Tóm tắt
A15: Kho mã | B15: Monorepo mới gmrag2/ gồm backend Rust, worker, frontend Next.js, infra docker-compose self-host.
A16: Định danh | B16: Keycloak self-host làm AuthN/OIDC; tenants và tenant_members vẫn tự quản lý trong PostgreSQL.
A17: Ngữ cảnh tenant | B17: Mọi request có X-Tenant-Id; backend validate membership và set SET LOCAL app.tenant_id.
A18: Vector DB | B18: Qdrant collection-per-tenant: chunks_{tenant_id} và graph_{tenant_id}.
A19: Hàng đợi | B19: Redis + worker riêng xử lý parse → chunk → embed → graph → save.
A20: Embedding | B20: Ollama nomic-embed-text 768 mặc định; BYOK OpenAI text-embedding-3-small khi cần.
A21: LLM | B21: DeepSeek deepseek-v4-flash mặc định; tenant override qua tenant_llm_config mã hóa AES-GCM.
A22: Lưu trữ | B22: MinIO S3-compatible cho PDF upload, key tenant_id/workspace_id/document_id.pdf.
A23: Ngoài phạm vi | B23: Billing/Stripe, k8s production manifests, migration dữ liệu từ GMRAG cũ, frontend chi tiết.
